SentenceID,CodeSwitchedSentence,NumberOfCodeSwitching,CodeSwitch1,Translation1,CodeSwitch2,Translation2,CodeSwitch3,Translation3,CodeSwitch4,Translation4,CodeSwitch5,Translation5,TranslatedSentence
0,全新 的 baby safety mirror ， 可以 看到 坐在 rear face seat 上 小孩 的 情况 ， $5 。,2,baby safety mirror,,rear face seat,,,,,,,,
1,床头 桌 night stand$10,1,night,,,,,,,,,,
2,小 蜡烛 一 盒 a box of little candles$2,1,a box of little,,,,,,,,,,
3,三 个 帽子 three hats$5 in total,2,three,,in total,,,,,,,,
4,全程 dealer 保养 ， 没 出 过 任何 毛病 ， 非常 省 油 省心 。,1,dealer,,,,,,,,,,
5,垃圾 桶 上 有 penn state 校徽,1,penn state,,,,,,,,,,
6,咖啡 机 hamilton beach one cup coffee,1,hamilton beach one cup coffee,,,,,,,,,,
7,补充 ： jeep 带有 按键 启动 、 遥控 启动 功能 。,1,jeep,,,,,,,,,,
8,补充 ： jeep 带有 按键 启动 、 遥控 启动 功能 。,1,jeep,,,,,,,,,,
9,求 一 张 成色 比较 新 的 queen size 的 木头 床 。,1,queen size,,,,,,,,,,
10,地址 在 squirrel hill ， 请 联系 电话 412-916-1316 .,1,squirrel hill,,,,,,,,,,
11,坐 几 站 bus 就 能 到 giant eagle ；,2,bus,,giant eagle,,,,,,,,
12,本人 因 做 毕业 论文 离开 匹兹堡 现 出售 自己 的 buick century 。,1,buick century,,,,,,,,,,
13,google drive 地址 ：,1,google drive,,,,,,,,,,
14,hello ~ 下面 先 列 个 列表 ， 包括 物品 、 价格 、 赠品 。,1,hello,,,,,,,,,,
15,up up up up 自己 up 一下 ~,2,up up up up,,up,,,,,,,,
16,up up up up up up 一下 自己 ~,1,up up up up up up,,,,,,,,,,
17,这个 amazon 上 的 链接 ，,1,amazon,,,,,,,,,,
18,价格 、 照片 、 联系 方式 ， 请 看 google docs 文件 ：,1,google docs,,,,,,,,,,
19,nine west tote bag 全 新 $25,1,nine west tote bag,,,,,,,,,,
20,hello ~ 下面 先 列 个 列表 ， 包括 物品 、 价格 、 赠品 。,1,hello,,,,,,,,,,
21,blender ： 原价 $ 39.,1,blender,,,,,,,,,,
22,tx-instrument financial instrument : actuarial exam fm/mle : 原价 84.,2,financial instrument,,actuarial exam,,,,,,,,
23,usp = sharing 有意 请 微 信 miranda_bud 注明 要 买 的 东西 谢谢,2,usp,,sharing,,,,,,,,
24,照片 请 看 下边 google drive 的 链接 ：,1,google drive,,,,,,,,,,
25,出 闲置 ， 有 兴趣 请 email 联系,1,email,,,,,,,,,,
26,车子 状况 非常 好 ， clean title ， 无 事故 ， 省心 省 油 。,1,clean title,,,,,,,,,,
27,红色 ， 第一 任 车主 ， clean title ， 基本 配置 。,1,clean title,,,,,,,,,,
28,tx-instrument financial instrument : actuarial exam fm/mle : 原价 84.,2,financial instrument,,actuarial exam,,,,,,,,
29,usp = sharing 有意 请 微 信 miranda_bud 注明 要 买 的 东西 谢谢,2,usp,,sharing,,,,,,,,
30,电梯 直达 [ url = ] [/url ],1,url,,,,,,,,,,
31,king size king size king size 床,1,king size king size king size,,,,,,,,,,
32,queen size size size 床,1,queen size size size,,,,,,,,,,
33,一 张 work bench ;,1,work bench,,,,,,,,,,
34,邮箱 wood 2570@gmail.,1,wood,,,,,,,,,,
35,楼 主 你 是 不 是 在 sq hill ？,1,sq hill,,,,,,,,,,
36,车子 状况 非常 好 ， clean title ， 无 事故 ， 省心 省 油 。,1,clean title,,,,,,,,,,
37,没有 任何 故障 ， 车辆 非常 省心 ， 非常 reliable 。,1,reliable,,,,,,,,,,
38,大家 好 ， 我 是 匹 大学生 ， 希望 加入 一 个 手机 的 family plan 。,1,family plan,,,,,,,,,,
39,cell : 254-366-4263 ( 电话 或 短信 均 可 ),1,cell,,,,,,,,,,
40,cell : 254-366-4263 ( 电话 或 短信 均 可 ),1,cell,,,,,,,,,,
41,clean title ， 随时 可 交 车,1,clean title,,,,,,,,,,
42,微波炉 搬家 sale,1,sale,,,,,,,,,,
43,无线 激光 打印机 brother 牌子 可以 复印 ， 扫描 ！,1,brother,,,,,,,,,,
44,有 兴趣 请 联系 rent 71797@gmail.,1,rent,,,,,,,,,,
45,使用 至今 没有 任何 事故 记录 ， clean title 。,1,clean title,,,,,,,,,,
46,写 paper 写 作业 必备 。,1,paper,,,,,,,,,,
47,有 兴趣 请 先 邮件 联系 rent 71797@gmail.,1,rent,,,,,,,,,,
48,豪华 suv 包车 往返 pit 机场 及 匹兹堡 市区,2,suv,,pit,,,,,,,,
49,豪华 suv 包车 往返 pit 机场 及 匹兹堡 市区,2,suv,,pit,,,,,,,,
50,联系 电话 ： 304-646-2548 email : xuw25@pitt.,1,email,,,,,,,,,,
51,小 电风扇 已 出 ， 屏风 on hold,1,on hold,,,,,,,,,,
52,hello 你 可以 直接 微 信 我 ， 我 发给 你 吗 ？,1,hello,,,,,,,,,,
53,最好 在 north oakland,1,north oakland,,,,,,,,,,
54,本人 是 第三 任 车主 ， 前 两 位 车主 及 本人 均 在 奥迪 dealer 店 定期 保养 ， 车况 好 。,1,dealer,,,,,,,,,,
55,联系 电话 ： 304-646-2548 email : xuw25@pitt.,1,email,,,,,,,,,,
56,amazon fire tv stick ， 原价 $ 39.,1,amazon fire tv stick,,,,,,,,,,
57,宜家 立柜 / 书柜 ( like new ) : $25 ( multiple available ),2,like new,,multiple available,,,,,,,,
58,地址 ： frick park,1,frick park,,,,,,,,,,
59,我 住 n craig st 。,1,n craig st,,,,,,,,,,
60,以上 queen size 已 出 啦,1,queen size,,,,,,,,,,
61,本人 是 第三 任 车主 ， 前 两 位 车主 及 本人 均 在 奥迪 dealer 店 定期 保养 ， 车况 好 。,1,dealer,,,,,,,,,,
62,求购 bread toaster 一 个 ！,1,bread toaster,,,,,,,,,,
63,cloth horse 是 啥 啊 楼 主,1,cloth horse,,,,,,,,,,
64,可以 暂时 用 国内 的 驾照 开 ， 不过 最好 是 考 learner permit 。,1,learner permit,,,,,,,,,,
65,平时 都 很 爱惜 车子 经常 保养 车主 不 吸烟 clean title 可 送 aux 线 手机 支架,2,clean title,,aux,,,,,,,,
66,因 relocate 需要 ， 出手 小车 ~,1,relocate,,,,,,,,,,
67,自动 挡 （ 手 自 一体 ） 两 门 蓝 （ 灰 ） 色 coupe ， 2.,1,coupe,,,,,,,,,,
68,全新 gre og$20,1,gre,,,,,,,,,,
69,物品 condition 大部分 excellent to like new .,2,condition,,excellent to like new,,,,,,,,
70,带 三 档 fan control ，,1,fan control,,,,,,,,,,
71,front ， top ， bottom 都 有 dust filter ，,4,front,,top,,bottom,,dust filter,,,,
72,出售 二手 full size 床 ！,1,full size,,,,,,,,,,
73,对 您 的 tv stand 感兴趣 ， 请 提供 联系 方式 ， 我 的 联系 电话 412-626-8640 （ 杨 ） ， 谢谢 ！,1,tv stand,,,,,,,,,,
74,包含 ： 电 吉他 ， 音箱 ， cable ， 输入 3.,1,cable,,,,,,,,,,
75,具体 的 信息 也 可以 参考 amazon 的 页面 或者 短信 我 。,1,amazon,,,,,,,,,,
76,十 分钟 可 达 买 吃 一 条 街 - walnut street 。,1,walnut street,,,,,,,,,,
77,这 是 amazon 的 link,2,amazon,,link,,,,,,,,
78,png 回国 转让 家具 ：,1,png,,,,,,,,,,
79,小区 环境 非常 幽静 ： 有 多 处 playground 和 公园 ， 很 适合 有 孩子 （ 和 老人 ） 的 家庭 在,1,playground,,,,,,,,,,
80,今天 刚 做 的 inspection ， 去年 做 过 alignment ， 轮胎 刚 用 一 年 多 ， 很 新 。,2,inspection,,alignment,,,,,,,,
81,正值 壮年 ， 因为 是 timing chain 所以 不用 担心 timing belt 问题 。,2,timing chain,,timing belt,,,,,,,,
82,家具 都 是 宜家 或者 amazon 上 购买 的 ， 使用 了 不到 一 年 。,1,amazon,,,,,,,,,,
83,amazon 上 marcy 健身 椅$15,2,amazon,,marcy,,,,,,,,
84,ask for$19500 （ 可 小刀 ）,1,ask,,,,,,,,,,
85,系统 及 功能 就 不用 说 了 ， 用 mac 的 都 知道 。,1,mac,,,,,,,,,,
86,就 在 south oakland 随时 看 车 ， 412-961-5305 。,1,south oakland,,,,,,,,,,
87,【 物业 】 ： meyers management 公司 ， 物业 反应 迅速,1,meyers management,,,,,,,,,,
88,盒子 里 本身 两 个 游戏 ， 再 多 送 两 个 游戏 ， 很 适合 party 的 时候 大家 一起 玩 。,1,party,,,,,,,,,,
89,小朋友 不到 一 岁 就 换 了 convertible car seat ， 这个 在家 闲置 了 几 个 月 了 。,1,convertible car seat,,,,,,,,,,
90,king size 的,1,king size,,,,,,,,,,
91,clean title ， 从未 有 过 任何 事故 ， 车况 良好 ， 性能 稳定 ， 并 有 其他 附件 赠送 。,1,clean title,,,,,,,,,,
92,两 个 car seater 都 出 了 ， 谢谢 关注 ！,1,car seater,,,,,,,,,,
93,room essentials 风扇 。,1,room essentials,,,,,,,,,,
94,modem 和 wireless router 套餐 。,2,modem,,wireless router,,,,,,,,
95,my brest friend 喂奶 枕 。,1,my brest friend,,,,,,,,,,
96,联系 方式 ： 412-418-4937 ( text ),1,text,,,,,,,,,,
97,发动机 强劲 smooth ， 驾驶 舒适 ， 视线 好 ， 跑 长途 毫无 问题 。,1,smooth,,,,,,,,,,
98,型号 ： hamilton beach 331414-quart .,1,hamilton beach,,,,,,,,,,
99,amazon 链接 ( 原价 $ 19.,1,amazon,,,,,,,,,,
100,转让 玻璃 茶几 ， 包括 一 个 coffee table 和 两 个 side tables 。,2,coffee table,,side tables,,,,,,,,
101,一 个 night stand ， 一 个 小 书桌 免费 赠送 。,1,night stand,,,,,,,,,,
102,联系 方式 ： email : sum 6683@126.,2,email,,sum,,,,,,,,
103,我 刚刚 仔细 看 了 一下 空调 的 介绍 ， 这个 空调 好像 不 适合 standard window ， 如果 给 大家 造成 误导 ， 十分 抱歉 。,1,standard window,,,,,,,,,,
104,地址 ： near frick park,1,near frick park,,,,,,,,,,
105,thx 已 出,1,thx,,,,,,,,,,
106,利用 closet 下方 空间 的 整理 架 免费,1,closet,,,,,,,,,,
107,地址 在 frick park 附近 。,1,frick park,,,,,,,,,,
108,或者 请 查看 word 附件 ～,1,word,,,,,,,,,,
109,（ 坐标 ： south oakland ， 联系 方式 ： jannen47@yahoo.,1,south oakland,,,,,,,,,,
110,每 三千 迈 用 最 好 的 mobil-1 synthetic oil 细心 保养,1,synthetic oil,,,,,,,,,,
111,仅 后面 bumper 和 左 后 车门 有 少许 dents,2,bumper,,dents,,,,,,,,
112,坐标 ： squirrel hill .,1,squirrel hill,,,,,,,,,,
113,免费 的 桌子 ， baby seat ， high chair ， queen size mattress and box .,3,baby seat,,high chair,,queen size mattress and box,,,,,,
114,usp = sharing 链接 会 不断 更新 ， 拿 家具 时间 比较 随意,2,usp,,sharing,,,,,,,,
115,八月 初 到 匹兹堡 ， 需要 一 张 queen size 的 床 ， 桌子 ， 椅子 各 种 家具,1,queen size,,,,,,,,,,
116,利用 closet 下方 空间 的 整理 架 免费,1,closet,,,,,,,,,,
117,我 的 地址 在 fifth ave and aiken ave 附近 。,1,fifth ave and aiken ave,,,,,,,,,,
118,有 兴趣 的 朋友 请 联系 [ url = mailtoynch.,1,url,,,,,,,,,,
119,打印机 为 brother hl-2270 dw ， 状态 良好,2,brother,,dw,,,,,,,,
120,东西 在 north oakland,1,north oakland,,,,,,,,,,
121,地点 位于 s highland ave 和 elwood st 交界,2,s highland ave,,elwood st,,,,,,,,
122,你 转账 后 ， 我 给 你 完整 的 report .,1,report,,,,,,,,,,
123,queen size 睡 两 人 很 宽敞 ， 舒服 ！,1,queen size,,,,,,,,,,
124,微波炉 ， danby 0.,1,danby,,,,,,,,,,
125,人 在 centre giant eagle 附近 ~,1,centre giant eagle,,,,,,,,,,
126,求购 window machine,1,window machine,,,,,,,,,,
127,白板 [ size = 14.,1,size,,,,,,,,,,
128,可以 支撑 起来 看 视频 的 case,1,case,,,,,,,,,,
129,[ quote ] ff_li 发表 于 2016-5-412:20,1,quote,,,,,,,,,,
130,有 兴趣 邮件 betty 2178@live.,1,betty,,,,,,,,,,
131,验证 码 [ url = ] 换 一 个 [/url ],1,url,,,,,,,,,,
132,dish dryer : 有 专门 可以 放 筷子 的 地方 。,1,dish dryer,,,,,,,,,,
133,或 发 邮件 到 ： cap 129@pitt.,1,cap,,,,,,,,,,
134,所有 保养 ， inspection ， 换 轮胎 全 都 是 在 奔驰 dealer 做 的 。,2,inspection,,dealer,,,,,,,,
135,半 年 前 换 了 四 个 break rotors ， 和 两 个 front breaks ，,2,break rotors,,front breaks,,,,,,,,
136,最好 在 centre ， market district giant eagle 附近 。,2,centre,,market district giant eagle,,,,,,,,
137,需要 自己 来 pick up ， 谢谢 ！,1,pick up,,,,,,,,,,
138,回国 出 高端 音响 beats by dr.,1,beats by,,,,,,,,,,
139,电话 ： 412-六五二－6177 （ 最好 message ）,1,message,,,,,,,,,,
140,顶上 的 mic 不 能 调节 方向 ， 但是 对 录音 效果 并 无 影响 ，,1,mic,,,,,,,,,,
141,一 个 厚 被子 ， queen size 。,1,queen size,,,,,,,,,,
142,搅拌机 ， $5--- sold,1,sold,,,,,,,,,,
143,买 两 件 以上 送 phipps conservatory and botanical gardens 门票 一 张 ， 买 三 件 以上,1,phipps conservatory and botanical gardens,,,,,,,,,,
144,wireless chiclet-style keyboard ， optical mouse ， 赠送 键盘 和 鼠标 ；,3,wireless,,keyboard,,optical mouse,,,,,,
145,操作 系统 ： windows 8.,1,windows,,,,,,,,,,
146,显卡 ： integrated ;,1,integrated,,,,,,,,,,
147,给 自己 ding 一下 ！,1,ding,,,,,,,,,,
148,今天 随手 一 试 发现 code 能用 ， 真是 意外 惊喜 。,1,code,,,,,,,,,,
149,honeywell 电 风扇 ， amazon 23.,2,honeywell,,amazon,,,,,,,,
150,毕业 甩卖 家具 （ 具体 价格 图片 见 google doc ）,1,google doc,,,,,,,,,,
151,位置 在 hobart street ， squirrel hill .,2,hobart street,,squirrel hill,,,,,,,,
152,楼主 发现 amazon 刚刚 匹配 了 $ 33.,1,amazon,,,,,,,,,,
153,sony 的 2.,1,sony,,,,,,,,,,
154,amazon 原价 23.,1,amazon,,,,,,,,,,
155,这 款 面 包机 在 amazon 卖 $ 54.,1,amazon,,,,,,,,,,
156,target （ 电子 产品 ， 家居 ， 衣物 等 。,1,target,,,,,,,,,,
157,apple watch 送 $100 礼品 卡 （ 相当于 $249 ） ;,1,apple watch,,,,,,,,,,
158,best buy 的 电视 deal 每 年 都 是 最 划算 的 ， 但是 要 去 店 门口 排队 ， 没有 把握 拿到,2,best buy,,deal,,,,,,,,
159,staples （ 电器 ， 电子 产品 ）,1,staples,,,,,,,,,,
160,kindle paperwhite$99 ( 原价 $ 119.,1,kindle,,,,,,,,,,
161,ebay （ 综合 类 。,1,ebay,,,,,,,,,,
162,jc penney （ 主要 是 衣服 ， 很多 冬装 9.,1,jc penney,,,,,,,,,,
163,差不多 算是 全新 的 了 ， 适合 full-size stove 的 公寓 或 house 使用 。,2,stove,,house,,,,,,,,
164,具体 联系 ： lig 51@pitt.,1,lig,,,,,,,,,,
165,高清 图片 见 google doc,1,google doc,,,,,,,,,,
166,可以 轻松 在 cmos 里 超频 。,1,cmos,,,,,,,,,,
167,id=0b2acusdjp9ogqzhpeejstc1quuu&usp = sharing ， 有 兴趣 欢迎 联系 ， 电话 412-996-1826 ， 邮件 rickyzhcl@gmail.,1,sharing,,,,,,,,,,
168,html （ 价格 可以 商量 ）,1,html,,,,,,,,,,
169,update : 依然 有效 ， 现在 $ 25.,1,update,,,,,,,,,,
170,amazon 上 买 的 新 书 ， 除了 用 铅笔 划 过 几 条 线 以外 就 跟 新 的 一样 。,1,amazon,,,,,,,,,,
171,dell st 201020-inch 16:9 aspect ratio flat panel monitor + 音响 $40,2,dell st,,aspect ratio flat panel monitor,,,,,,,,
172,平时 用 的 很 仔细 ， condition 很好 。,1,condition,,,,,,,,,,
173,感兴趣 的 请 email 至 allaboutsignup@gmail.,1,email,,,,,,,,,,
174,hello ， 大家 好,1,hello,,,,,,,,,,
175,轻薄 便捷 ， usb 连接,1,usb,,,,,,,,,,
176,电磁场 与 电磁波 david k .,1,david k,,,,,,,,,,
177,动态 系统 的 数字 控制 gene f.,1,gene,,,,,,,,,,
178,仍然 available :,1,available,,,,,,,,,,
179,坐标 craig 上 的 cvs 附近,2,craig,,cvs,,,,,,,,
180,选择 standard shipping 即 可 免 运费 。,1,standard shipping,,,,,,,,,,
181,因 太太 准备 开车 ， 不 习惯 开 suv ， 所以 正在 购买 新车 中 。,1,suv,,,,,,,,,,
182,成色 不错 啊 ， 是 clean title 吗,1,clean title,,,,,,,,,,
183,一 个 是 独立 房 ， 一 个 是 condo .,1,condo,,,,,,,,,,
184,utility : 自理 （ 约 70-100 / 月 ）,1,utility,,,,,,,,,,
185,个人 平时 比较 宅 ， 不 开 party 。,1,party,,,,,,,,,,
186,有意 请 email 至 fwplzh@gmail.,1,email,,,,,,,,,,
187,啊 不 好意思 我 已经 update 了 联系 方式 了,1,update,,,,,,,,,,
188,现在 还 available,1,available,,,,,,,,,,
189,south oakland 独立 一 室 一 厅 公寓 出租 ！,1,south oakland,,,,,,,,,,
190,该 公寓 是 匹兹堡 最 火 的 公寓 ， 口碑 物业 meyers 旗下 最 受 中国 学生 欢迎 的 公寓 ， 性价比 高 。,1,meyers,,,,,,,,,,
191,） 公寓 情况 ： mozart 是 匹兹堡 的 大 物业 ， arlington 是 mozart 的 物业 总部 ， 物业 维修 都 很 方便 。,3,mozart,,arlington,,mozart,,,,,,
192,精装 修 、 家具 全 、 free 无线 上网 !,1,free,,,,,,,,,,
193,oakland 的 干净 精致 好 房 您 不 能 错过 ！,1,oakland,,,,,,,,,,
194,精装 修 家具 全 free 无线 上网 !,1,free,,,,,,,,,,
195,地点 ： central oakland,1,central oakland,,,,,,,,,,
196,环境 ： 住宅 街区 ， street parking 。,1,street parking,,,,,,,,,,
197,房型 ： house,1,house,,,,,,,,,,
198,欢迎 email 咨询,1,email,,,,,,,,,,
199,门口 有 bus 到 中国 超市 ， 餐馆 和 downtown .,2,bus,,downtown,,,,,,,,
200,本人 ： 男 ， 第二 年 pitt phd 。,1,pitt phd,,,,,,,,,,
201,house 一 楼 是 餐厅 客厅 和 厨房 二 楼 是 三 个 房间 share 卫生间 。,2,house,,share,,,,,,,,
202,四 个 房间 租金 分别 为 390，420，460，490 usd / 月 。,1,usd,,,,,,,,,,
203,四 个 房间 租金 分别 为 390，420，460，490 usd / 月 。,1,usd,,,,,,,,,,
204,位置 ： north oakland/shadyside,1,north,,,,,,,,,,
205,有 pet 可以 商量,1,pet,,,,,,,,,,
206,欢迎 email 联系 咨询 。,1,email,,,,,,,,,,
207,( 由于 可 接受 的 附件 大 小 太 小 放 不 下 我 的 照片 ， 请 点击 以下 google drive 的 link 观看 照片 ， 谢谢 ！,2,google drive,,link,,,,,,,,
208,有 pet 可以 商量,1,pet,,,,,,,,,,
209,门口 有 bus 到 中国 超市 ， 餐馆 和 downtown .,2,bus,,downtown,,,,,,,,
210,如果 感 兴趣 ， 请 通过 email 联系 azhou66@yahoo.,1,email,,,,,,,,,,
211,house 共 两 个 卧室 ， 一 个 阁楼 。,1,house,,,,,,,,,,
212,阁楼 有 一 个 living room 和 一 个 bedroom 。,2,living room,,bedroom,,,,,,,,
213,house 厨房 ， 厕所 宽敞 明亮 。,1,house,,,,,,,,,,
214,本人 男 ， 今年 去 pitt 读 master ， 8.,2,pitt,,master,,,,,,,,
215,门口 有 bus 到 中国 超市 ， 餐馆 和 downtown .,2,bus,,downtown,,,,,,,,
216,要求 ： security deposit ， 爱 干净,1,security deposit,,,,,,,,,,
217,小区 居民 是 学生 和 年轻 学者 ， 学校 的 shuttle,1,shuttle,,,,,,,,,,
218,联系 电话 : 412-498-9637 ， email : honglimo@yahoo.,1,email,,,,,,,,,,
219,这时 living room 的 图片 ， 比 卧室 要 大 。,1,living room,,,,,,,,,,
220,house 共 两 个 卧室 ， 一 个 阁楼 。,1,house,,,,,,,,,,
221,house 厨房 ， 厕所 宽敞 明亮 。,1,house,,,,,,,,,,
222,户型 ： 一 楼 是 超大 living room ， dining room 及 厨房 ；,2,living room,,dining room,,,,,,,,
223,二 楼 是 三 间 卧室 和 一 个 full 卫生间 ；,1,full,,,,,,,,,,
224,长 租 all gone ！,1,all gone,,,,,,,,,,
225,room a$600 ( 双 人大 床 ） 已 租 ！,1,room,,,,,,,,,,
226,价格 ： $400 / 月 ( 包 所有 utilities 费用 ) 。,1,utilities,,,,,,,,,,
227,update : 房间 皆 已 出租,1,update,,,,,,,,,,
228,精装 修 家具 全 free 无线 上网 !,1,free,,,,,,,,,,
229,精装 修 、 家具 全 、 free 无线 上网 !,1,free,,,,,,,,,,
230,oakland 的 干净 精致 好 房 您 不 能 错过 ！,1,oakland,,,,,,,,,,
231,附近 有 cvs 等 超市 。,1,cvs,,,,,,,,,,
232,可以 直接 签 lease ， 无 押金 ， 需要 预付 第一 个 月 房租 。,1,lease,,,,,,,,,,
233,utility : 自理 （ 约 60-100 / 月 ）,1,utility,,,,,,,,,,
234,要求 爱 干净 ， 没有 不良 习惯 ， 喜欢 孩子 ， 女生 优先 ， christian 优先 。,1,christian,,,,,,,,,,
235,房子 介绍 ： 两 室 两 厅 ， 一 个 full bathroom ， 明亮 宽敞 ， 两 室 两 厅 房 ， 拎包 入住 。,1,full bathroom,,,,,,,,,,
236,房子 介绍 ： 两 室 两 厅 ， 一 个 full bathroom ， 明亮 宽敞 ， 两 室 两 厅 房 ， 拎包 入住 。,1,full bathroom,,,,,,,,,,
237,出门 走 一 分钟 不到 就 有 81-83 bus 。,1,bus,,,,,,,,,,
238,leasing office 就 在 lobby ， 员工 也 非常 好 ， 有 什么 问题 随时 可以 找 他们 沟通 解决 。,2,leasing office,,lobby,,,,,,,,
239,② 离 各 大 超市 近 （ giant eagle ；,1,giant eagle,,,,,,,,,,
240,② 离 各 大 超市 近 （ giant eagle ；,1,giant eagle,,,,,,,,,,
241,户型 ： 一 楼 是 超大 living room ， dining room 及 厨房 ；,2,living room,,dining room,,,,,,,,
242,二 楼 是 三 间 卧室 和 一 个 full 卫生间 ；,1,full,,,,,,,,,,
243,room a$600 ( 双 人大 床 ） 已 租 ！,1,room,,,,,,,,,,
244,） 公寓 情况 ： mozart 是 匹兹堡 的 大 物业 ， arlington 是 mozart 的 物业 总部 ， 物业 维修 都 很 方便 。,3,mozart,,arlington,,mozart,,,,,,
245,或 发 邮件 联系 ： [ url = ] birchtree@163.,1,url,,,,,,,,,,
246,环境 安静 ， apartments 评分 9.,1,apartments,,,,,,,,,,
247,运动 方面 参加 pitt 射箭 队 ， 以及 会 一点 羽毛球 。,1,pitt,,,,,,,,,,
248,［ 治安 ］ 附近 治安 好 ， 公寓 有 doorman ， 收发 快递 也 方便 。,1,doorman,,,,,,,,,,
249,房子 在 bloom field bridge 旁边 。,1,bloom field bridge,,,,,,,,,,
250,lebanon ， 该 区 高中 在 滨州 公立 排名 第九 。,1,lebanon,,,,,,,,,,
251,物业 ： walnut 专人 负责 各 种 维修 ， 非常 安心 ；,1,walnut,,,,,,,,,,
252,优点 ： 我 的 卧室 是 整 个 house 最 大 的 卧室 ， 两 扇 窗 采光 好 ， 冬天 暖气 也 很 足 ， 家具 齐全 ， 拎包 入住 ；,1,house,,,,,,,,,,
253,房租 lease 到 7.,1,lease,,,,,,,,,,
254,地址 位 于 beacon st.,1,beacon,,,,,,,,,,
255,后院 有 私家 车库 ， beacon st .,1,beacon st,,,,,,,,,,
256,二 楼 是 三 间 卧室 和 一 个 full 的 卫生间 。,1,full,,,,,,,,,,
257,三 楼 是 一 卧 一 卫 的 studio 。,1,studio,,,,,,,,,,
258,up up up 顶 一下 。,1,up up up,,,,,,,,,,
259,八月 开始 可 签 一 年 lease 。,1,lease,,,,,,,,,,
260,性格 非常 nice 好 相处 ， 绝对 不 会 打扰 你 。,1,nice,,,,,,,,,,
261,有 pet 可以 商量,1,pet,,,,,,,,,,
262,walnut street 步行 15-20 mins ， 逛街 吃饭 超 方便,2,walnut street,,mins,,,,,,,,
263,house 里 现 住 有 六 人 ， 三 个 是 匹 大 研究生 .,1,house,,,,,,,,,,
264,房东 非常 nice ， 有 需要 和 修理 会 马上 处理 。,1,nice,,,,,,,,,,
265,地处 squirrel hill ， 社区 安全 ， 步行 距离 可 达 中国 超市 ， 中国 餐馆 ， 超市 ， 方便 没有 车 的 同学 和 朋友 。,1,squirrel hill,,,,,,,,,,
266,物业 ： walnut 专人 负责 各 种 维修 ， 非常 安心 ；,1,walnut,,,,,,,,,,
267,联系 电话 or text ： 412-6518342 jane,2,or text,,jane,,,,,,,,
268,有 attached 车库 可 用 。,1,attached,,,,,,,,,,
269,安装 有 智能 panel ， 可以 远程 手机 调控 暖气 温度 和 开关 。,1,panel,,,,,,,,,,
270,【 车库 】 ： attached 车库 。,1,attached,,,,,,,,,,
271,【 bonus 】 : 房东 在 google 工作 ， 可以 内 推 加 mock interview,3,bonus,,google,,mock interview,,,,,,
272,长 租 ： all gone,1,all gone,,,,,,,,,,
273,后院 《 ——————————————————————————————— 》 deck,1,deck,,,,,,,,,,
274,【 学习 娱乐 】 ： finished basement .,1,finished basement,,,,,,,,,,
275,【 bonus 】 : 房东 在 google 工作 ， 可以 内 推 加 mock interview,3,bonus,,google,,mock interview,,,,,,
276,main floor 格局 《 ——————————————————————————— 》 走廊,1,main floor,,,,,,,,,,
277,水晶 吊灯 《 —————————————————————— 》 楼梯 to downstairs,1,to downstairs,,,,,,,,,,
278,材料 是 cedar 。,1,cedar,,,,,,,,,,
279,地下室 《 game room and study room 》 《 ———————————— 》 外观,1,game room and study room,,,,,,,,,,
280,每个 房间 都 有 closet ， 图 中 黄色 部分 是 closet .,2,closet,,closet,,,,,,,,
281,房东 在 google 工作 ， 可以 内 推 加 mock interview,2,google,,mock interview,,,,,,,,
282,如果 感 兴趣 ， 请 通过 email 联系 azhou66@yahoo.,1,email,,,,,,,,,,
283,如果 感 兴趣 ， 请 通过 email 联系 azhou66@yahoo.,1,email,,,,,,,,,,
284,小区 居民 是 学生 和 年轻 学者 ， 学校 的 shuttle 从 门前 经过 ， 而且 很多 。,1,shuttle,,,,,,,,,,
285,出门 走 一 分钟 不到 就 有 81-83 bus 。,1,bus,,,,,,,,,,
286,leasing office 就 在 lobby ， 员工 也 非常 好 ， 有 什么 问题 随时 可以 找 他们 沟通 解决 。,2,leasing office,,lobby,,,,,,,,
287,地点 ： oakland ;,1,oakland,,,,,,,,,,
288,联系 方式 : email : day28@pitt.,1,email,,,,,,,,,,
289,该 公寓 是 匹兹堡 最 火 的 公寓 ， 口碑 物业 meyers 旗下 最 受 中国 学生 欢迎 的 公寓 ， 性价比 高 。,1,meyers,,,,,,,,,,
290,门口 有 bus 到 中国 超市 ， 餐馆 和 downtown .,2,bus,,downtown,,,,,,,,
291,公寓 门口 可以 street parking 。,1,street parking,,,,,,,,,,
292,lebanon ， 该 区 高中 在 滨州 公立 排名 第九 。,1,lebanon,,,,,,,,,,
293,门口 有 bus 到 中国 超市 ， 餐馆 和 downtown .,2,bus,,downtown,,,,,,,,
294,装修 好 的 single family house 在 forest hills ， 小区 环境 优美 ， 步行 3-5 分钟 有 两 个 公园 。,2,single family house,,forest hills,,,,,,,,
295,有意 请 email ： sheng@temple.,1,email,,,,,,,,,,
296,地处 greenfield ， 周围 环境 安静 ， 邻里 和睦 ， 非常 安全,1,greenfield,,,,,,,,,,
297,门口 有 bus 到 中国 超市 ， 餐馆 和 downtown .,2,bus,,downtown,,,,,,,,
298,价格 ： $300 / 月 + utilities 费用 。,1,utilities,,,,,,,,,,
299,rich neighborhood ， 非常 安全 ， 旁边 就 是 公园 ， 环境 很 好 很 安静 。,1,rich neighborhood,,,,,,,,,,
300,trader joe's 和 target 更 是 在 步行 范围 内 。,2,trader,,target,,,,,,,,
301,非常 便利 的 位置 ， 适合 summer,1,summer,,,,,,,,,,
302,【 吃 货 福音 】 附近 有 sichuan gourmet ， 台湾 味 ， every day noodle ， 各 种 小吃 ， 以及 中 超 panda ， giant eagle 。,4,sichuan gourmet,,every day noodle,,panda,,giant eagle,,,,
303,物业 是 mozart ， 房间 维修 处理 非常 及时 。,1,mozart,,,,,,,,,,
304,utility : 自理 （ 约 70-100 / 月 ）,1,utility,,,,,,,,,,
305,门口 有 bus 到 中国 超市 ， 餐馆 和 downtown .,2,bus,,downtown,,,,,,,,
306,有意 者 可 联系 ， 电话 412-519-8908 或 412-648-9351 ， email ： jcwang660815@yahoo.,1,email,,,,,,,,,,
307,附近 有 giant eagle ， trader joe ' s 以及 target ， 步行 十 分钟 便 可 到达 ， 生活 上 也 十分 方便 。,4,giant eagle,,trader joe,,s,,target,,,,
308,门口 有 bus 到 中国 超市 ， 餐馆 和 downtown .,2,bus,,downtown,,,,,,,,
309,简单 介绍 一下 oak hill apt ！,1,oak hill apt,,,,,,,,,,
310,apt 隶属 franklin west 旗下 ， 物业 管理 良好 ， 有 任何 问题 能 快速 免费 解决 。,2,apt,,franklin west,,,,,,,,
311,附近 超市 有 whole foods ， target ， giant eagle ， trader joe ， 都 是 走路 十 分钟 左右 。,4,whole foods,,target,,giant eagle,,trader joe,,,,
312,还有 很多 知名 餐厅 ， 例如 noodle head ， spoon 等等 ， 吃喝 不 愁 。,2,noodle head,,spoon,,,,,,,,
313,manager 非常 好 说话 ；,1,manager,,,,,,,,,,
314,现在 房间 还 是 available,1,available,,,,,,,,,,
315,欢迎 查询 ： email : calvinworld22@yahoo.,1,email,,,,,,,,,,
316,有 pet 可以 商量,1,pet,,,,,,,,,,
317,门口 有 bus 到 中国 超市 ， 餐馆 和 downtown .,2,bus,,downtown,,,,,,,,
318,大家 一起 share 厨房 。,1,share,,,,,,,,,,
319,我 是 刚 毕业 没 多久 的 young professional ， 安静 好 相处 ， 会 居家 也 爱 出去 浪 。,1,young professional,,,,,,,,,,
320,房间 full size 床 非常 舒适 。,1,full size,,,,,,,,,,
321,租户 仅限 gg mm 不 可以,1,gg mm,,,,,,,,,,
322,门口 有 bus 到 中国 超市 ， 餐馆 和 downtown .,2,bus,,downtown,,,,,,,,
323,门口 有 bus 到 中国 超市 ， 餐馆 和 downtown .,2,bus,,downtown,,,,,,,,
324,如果 感 兴趣 ， 请 通过 email 联系 azhou66@yahoo.,1,email,,,,,,,,,,
325,房型 ： 非常 新 的 house,1,house,,,,,,,,,,
326,有 pet 可以 商量,1,pet,,,,,,,,,,
327,从 「 现在 」 开始 租 ， 直接 和 manager 签 合同 ！,1,manager,,,,,,,,,,
328,地处 greenfield ， 周围 环境 安静 ， 邻里 和睦 ， 非常 安全,1,greenfield,,,,,,,,,,
329,有意 者 可 联系 ， 电话 412-519-8908 或 412-648-9351 ， email ： jcwang660815@yahoo.,1,email,,,,,,,,,,
330,门口 有 bus 到 中国 超市 ， 餐馆 和 downtown .,2,bus,,downtown,,,,,,,,
331,门口 有 bus 到 中国 超市 ， 餐馆 和 downtown .,2,bus,,downtown,,,,,,,,
332,门口 有 bus 到 中国 超市 ， 餐馆 和 downtown .,2,bus,,downtown,,,,,,,,
333,门口 有 bus 到 中国 超市 ， 餐馆 和 downtown .,2,bus,,downtown,,,,,,,,
334,up up up 保持 关注 哦,1,up up up,,,,,,,,,,
335,房型 ： house,1,house,,,,,,,,,,
336,有 pet 可以 商量,1,pet,,,,,,,,,,
337,房东 也 很 nice 。,1,nice,,,,,,,,,,
338,房子 共 三 层 ， 出租 的 是 二 楼 的 bedroom ， 二 楼 有 独立 厨房 和 卫生间 。,1,bedroom,,,,,,,,,,
339,五 分钟 步行 到 54，71ac 车站 ， 周边 有 giant eagle ， cvs ， dollar general ， whole foods 等 超市 ， 生活 条件 便利 。,4,giant eagle,,cvs,,dollar general,,whole foods,,,,
340,房租 是 $500 ， 包 水电 暖 网 以及 你 能 想到 的 一切 ， 房东 夫妇 人 非常 nice ， 有 什么 问题 随时 可以 给 他们 打 电话 求助 。,1,nice,,,,,,,,,,
341,房子 离 frick park 仅 两 个 block ， 去 公园 里 运动 非常 方便 。,2,frick park,,block,,,,,,,,
342,简单 介绍 一下 oak hill apt ！,1,oak hill apt,,,,,,,,,,
343,地处 greenfield ， 周围 环境 安静 ， 邻里 和睦 ， 非常 安全,1,greenfield,,,,,,,,,,
344,距离 cvs 5-10 分钟 ；,1,cvs,,,,,,,,,,
345,门口 有 bus 到 中国 超市 ， 餐馆 和 downtown .,2,bus,,downtown,,,,,,,,
346,楼层 高度 适中 ， 背 对 north craig st 。,1,north craig st,,,,,,,,,,
347,晚上 ， 有 学校 escort 直达 门口 。,1,escort,,,,,,,,,,
348,户型 ： 一 楼 是 超大 living room ， dining room 及 厨房 ；,2,living room,,dining room,,,,,,,,
349,up 一下 up up up up,2,up,,up up up up,,,,,,,,
350,up 一下 up up up,2,up,,up up up,,,,,,,,
351,房子 位于 greenfield ave ， 紧邻 giant eagle and murry ave.,2,greenfield ave,,giant eagle and murry,,,,,,,,
352,地处 north oakland ， 周围 安全,1,north oakland,,,,,,,,,,
353,门口 有 bus 到 中国 超市 ， 餐馆 和 downtown .,2,bus,,downtown,,,,,,,,
354,门口 有 bus 到 中国 超市 ， 餐馆 和 downtown .,2,bus,,downtown,,,,,,,,
355,+ 公寓 附近 环境 安全 安静 ， office 就 在 公寓 旁边 ， 有 事 可 及时 解决 。,1,office,,,,,,,,,,
356,+ 公寓 家具 齐全 ， 客厅 很 大 活动 区域 广 ， 有 空调 暖气 ， 出租 的 卧室 宽敞 有 阳光 ， 有 walk-in closet ， 家具 低价 打包 接手 ， 可 拎包 入住 ！,1,closet,,,,,,,,,,
357,所有 想 寄 想 return 的 东西 ， 直接 放在 公寓 一 楼 就 可以 。,1,return,,,,,,,,,,
358,免费 送 顶楼 view 和 顶楼 的 阳光 普照 !,1,view,,,,,,,,,,
359,附近 有 sichuan gourmet ， 台湾 味 ， every day noodle ， 各 种 小吃 ， 以及 中 超 panda ， giant eagle 。,4,sichuan gourmet,,every day noodle,,panda,,giant eagle,,,,
360,步行 五 分钟 有 whole food 。,1,whole food,,,,,,,,,,
361,门口 有 bus 到 中国 超市 ， 餐馆 和 downtown .,2,bus,,downtown,,,,,,,,
362,门口 有 bus 到 中国 超市 ， 餐馆 和 downtown .,2,bus,,downtown,,,,,,,,
363,环境 ： 住宅 街区 ， free parking 。,1,free parking,,,,,,,,,,
364,房型 ： house 非常 新 ， 装 修好,1,house,,,,,,,,,,
365,如 有 需要 可 免费 提供 bedding set ， 餐具 厨具,1,bedding set,,,,,,,,,,
366,上学 或是 去 giant eagle/cvs / whole foods 等 地 grocery shopping 都 很 便利 。,3,giant,,whole foods,,grocery shopping,,,,,,
367,全新 的 宜家 买 的 full size 的 床 和 书桌 柜子 ， 房间 内 有 closet 。,2,full size,,closet,,,,,,,,
368,晚上 还有 escort 直达 公寓 门口 。,1,escort,,,,,,,,,,
369,word 天 今天 有 人 联系 我 了 ！,1,word,,,,,,,,,,
370,lobby 有 单独 的 放 快递 的 房间 ， 不 怕 包裹 丢失 ， 非常 贴心 。,1,lobby,,,,,,,,,,
371,门口 有 bus 到 中国 超市 ， 餐馆 和 downtown .,2,bus,,downtown,,,,,,,,
372,门口 有 bus 到 中国 超市 ， 餐馆 和 downtown .,2,bus,,downtown,,,,,,,,
373,usp = sharing 国内 的 朋友 可以 联系 我 打包 图片 发给 你 ~,2,usp,,sharing,,,,,,,,
374,楼层 高度 适中 ， 背 对 north craig st 。,1,north craig st,,,,,,,,,,
375,楼层 高度 适中 ， 背 对 north craig st 。,1,north craig st,,,,,,,,,,
376,940$ / 月 ， 水电 煤 暖气 全 包 ， 楼 下 有 parking lot 免费 停车 。,1,parking lot,,,,,,,,,,
377,小区 环境 安静 ： 有 多 处 playground ， 很 适合 家庭 居住 。,1,playground,,,,,,,,,,
378,门口 有 bus 到 中国 超市 ， 餐馆 和 downtown .,2,bus,,downtown,,,,,,,,
379,地点 ： central oakland 匹 大校 区内,1,central oakland,,,,,,,,,,
380,环境 ： 住宅 街区 ， street parking 。,1,street parking,,,,,,,,,,
381,房型 ： house,1,house,,,,,,,,,,
382,有 pet 可以 商量,1,pet,,,,,,,,,,
383,请 备注 “ 租房 ” screen shot 2017-10-17 at 13.,2,screen shot,,at,,,,,,,,
384,联系 电话 or text ： 412-6518342 jane,2,or text,,jane,,,,,,,,
385,长方形 带 走廊 房间 （ 走廊 带 closet ）,1,closet,,,,,,,,,,
386,在 shady ave.,1,shady,,,,,,,,,,
387,和 walnut st .,1,walnut st,,,,,,,,,,
388,此 消息 作废 我 没 看见 怎么 删除 sorry,1,sorry,,,,,,,,,,
389,clair 医院 和 mt lebanon 公园 。,2,clair,,mt lebanon,,,,,,,,
390,地址 在 ： squirrel hill murray avenue 上,1,squirrel hill murray avenue,,,,,,,,,,
391,房型 ： house 分 三 层 ， 每 层 独立 ， 互 不 影响 。,1,house,,,,,,,,,,
392,房型 ： house 分 三 层 ， 每 层 独立 ， 互 不 影响 。,1,house,,,,,,,,,,
393,欢迎 text ， 不 能 时时 接 电话 。,1,text,,,,,,,,,,
394,house 概况 ： 地上 两 层 、 地下 一 层 ；,1,house,,,,,,,,,,
395,webster hall 是 老牌 公寓 了 ， 口碑 好 而且 没有 刚 装修 的 异味,1,webster hall,,,,,,,,,,
396,craig street 上 还有 很多 吃 的 和 韩国 小 超市,1,craig street,,,,,,,,,,
397,地点 ： central oakland,1,central oakland,,,,,,,,,,
398,环境 ： 住宅 街区 ， street parking 。,1,street parking,,,,,,,,,,
399,房型 ： house,1,house,,,,,,,,,,
400,欢迎 email 咨询,1,email,,,,,,,,,,
401,房间 内 各 种 用具 桌子 都 有 ， closet 很 大 ， 客厅 和 卧室 的 独立 性 相当 ， 空间 也 很 大 ， 只 需要 一 个 床 即 可 。,1,closet,,,,,,,,,,
402,每 个 房间 也 可以 单独 出租 ， 租金 在 $650-$700 ， 这个 租金 包含 了 所有 utilities 。,1,utilities,,,,,,,,,,
403,五六 分钟 可以 走到 murray 大街 的 giant eagle ( giant eagle 是 最 大 的 食品 超级 市场 ) 家具 齐全 ，,3,murray,,giant eagle,,giant eagle,,,,,,
404,地处 greenfield ， 周围 环境 安静 ， 邻里 和睦 ， 非常 安全,1,greenfield,,,,,,,,,,
405,房间 内 各 种 用具 桌子 都 有 ， closet 很 大 ， 客厅 和 卧室 的 独立 性 相当 ， 空间 也 很 大 ， 只 需要 一 个 床 即 可 。,1,closet,,,,,,,,,,
406,门口 有 bus 到 中国 店 等 。,1,bus,,,,,,,,,,
407,要求 ： security deposit ， 爱 整洁 ， 有 责任感,1,security deposit,,,,,,,,,,
408,联系 电话 or text ： 412-6518342 jane,2,or text,,jane,,,,,,,,
409,门口 有 bus 到 中国 店 等 。,1,bus,,,,,,,,,,
410,要求 ： security deposit ， 爱 整洁 ， 有 责任感,1,security deposit,,,,,,,,,,
411,地点 ： oakland ;,1,oakland,,,,,,,,,,
412,prefer ： 研究生 或 博士生,1,prefer,,,,,,,,,,
413,公寓 是 服务 很 好 搭 forbes management 的 财产 。,1,forbes management,,,,,,,,,,
414,全新 的 宜家 买 的 twin size 的 床 和 书桌 柜子 ， 房间 内 有 closet 。,2,twin size,,closet,,,,,,,,
415,公寓 的 管理 非常 好 ， 有 一 个 doorman ， 每 天 出入 公寓 会 给 住户 开门 ！,1,doorman,,,,,,,,,,
416,whole foods 是 我 去 的 最 频繁 的 超市 ， 因为 里边 只 卖 有机 食品 ， 质量 有 保证 。,1,whole foods,,,,,,,,,,
417,欢迎 感兴趣 的 妹子 联系 我 拿 floor plan 和 各 种 房子 图片 ~,1,floor plan,,,,,,,,,,
418,距离 大 超市 giant eagle 很 近 ， 周围 有 超 多 饭馆 （ 包括 中餐 ） ， 还有 银行 等 。,1,giant eagle,,,,,,,,,,
419,暖气 是 用 gas 的 ， 不用 担心,1,gas,,,,,,,,,,
420,欢迎 text ， 不 能 时时 接 电话 。,1,text,,,,,,,,,,
421,步行 距离 去 美国 超市 （ giant eagle ） 和 中国 超市 （ panda supermarket ）,2,giant eagle,,panda supermarket,,,,,,,,
422,如 感 兴趣 ， 请 发 邮件 : yan 158@yahoo.,1,yan,,,,,,,,,,
423,地点 ： north oakland/shadyside,1,north,,,,,,,,,,
424,房型 ： house 有 院子,1,house,,,,,,,,,,
425,欢迎 email 咨询,1,email,,,,,,,,,,
426,位 于 north craig st 上 的 两 室 一 厅 公寓 招租 ， 长 租 优先 ， 长短 租 均 可 。,1,north craig st,,,,,,,,,,
427,来回 都 没有 traffic .,1,traffic,,,,,,,,,,
428,公寓 有 off street parking 且 允许 养 宠物 。,1,off street parking,,,,,,,,,,
429,小区 居民 是 匹 大学生 和 年轻 学者 以及 美国 白人 等 ， 学校 的 shuttle 从 门前 经过 。,1,shuttle,,,,,,,,,,
430,户型 ： 一 楼 是 超大 living room ， dining room 及 厨房 ；,2,living room,,dining room,,,,,,,,
431,二 楼 是 三 间 卧室 和 一 个 full 的 卫生间 。,1,full,,,,,,,,,,
432,三 楼 是 一 卧 一 卫 的 studio 。,1,studio,,,,,,,,,,
433,须 直接 和 物业 联系 ， 具体 公寓 信息 和 联系 方式 可 搜索 ： mozart cavendish apartment 房间 名称 ： latimer,2,mozart cavendish apartment,,latimer,,,,,,,,
434,步行 距离 至 mellon park ， bakery square （ shopping ， dinner ， etc ）,5,mellon park,,bakery square,,shopping,,dinner,,etc,,
435,如果 你 想 看 更多 图片 或 了解 更 多 信息 ， 也 可以 在 联系 物业 前 和 我 联系 ， 我 会 提供 更 多 个 人 的 居住 体验 ， tips ， 或是 公寓 更 多 细节 。,1,tips,,,,,,,,,,
436,电话 ： 412-482-2355 （ text first ）,1,text first,,,,,,,,,,
437,如 感 兴趣 ， 请 发 邮件 : yan 158@yahoo.,1,yan,,,,,,,,,,
438,可以 share 大部分 家用 电器 ， 厨房 用品 ， 家具 等 。,1,share,,,,,,,,,,
439,地点 在 murray ave.,1,murray,,,,,,,,,,
440,另有 全套 基本 家具 （ full size 床 / 书桌 / 柜子 / 空调 ） 如 需要 可 低价 转让 。,1,full size,,,,,,,,,,
441,请 联系 rent 71797@gmail.,1,rent,,,,,,,,,,
442,因为 之前 要 租 的 同学 变卦 所以 房间 又 available 了 ， 有 兴趣 请 邮件 联系 ， 我 会 提供 照片 ~,1,available,,,,,,,,,,
443,mini van 包车 往返 pit 机场 及 匹兹堡 市区,2,mini van,,pit,,,,,,,,
444,车辆 ： honda odyssey,1,honda odyssey,,,,,,,,,,
445,豪华 suv 包车 往返 pit 机场 及 匹兹堡 市区,2,suv,,pit,,,,,,,,
446,豪华 suv 包车 往返 pit 机场 及 匹兹堡 市区,2,suv,,pit,,,,,,,,
447,地处 greenfield ， 周围 环境 安静 ， 邻里 和睦 ， 非常 安全,1,greenfield,,,,,,,,,,
448,户型 ： 一 楼 是 超大 living room ， dining room 及 厨房 ；,2,living room,,dining room,,,,,,,,
449,八月 初 入住 ， 一 年 lease .,1,lease,,,,,,,,,,
450,oakland 的 好 房 您 不 能 错过 ！,1,oakland,,,,,,,,,,
451,如果 感 兴趣 ， 欢迎 联系 wet 13@pitt.,1,wet,,,,,,,,,,
452,oakland 有 一 栋 三 层 楼 六 个 卧室 ， 两 个 带 浴室 的 厕所 的 连 栋 房 。,1,oakland,,,,,,,,,,
453,小区 居民 是 学生 和 年轻 学者 ， 学校 的 shuttle 从 门前 经过 ， 而且 很多 。,1,shuttle,,,,,,,,,,
454,八月 初 入住 ， 一 年 lease .,1,lease,,,,,,,,,,
455,有意 请 email 至 fwplzh@gmail.,1,email,,,,,,,,,,
456,月 租金 $450 ， 包 所有 utilities 。,1,utilities,,,,,,,,,,
457,lebanon ， 该 区 高中 在 滨州 公立 排名 第九 。,1,lebanon,,,,,,,,,,
458,每个 房间 都 有 closet ， 图 中 黄色 部分 是 closet .,2,closet,,closet,,,,,,,,
459,oakland 的 好 房 您 不 能 错过 ！,1,oakland,,,,,,,,,,
460,oakland 的 干净 精致 好 房 您 不 能 错过 ！,1,oakland,,,,,,,,,,
461,地点 ： north oakland/shadyside,1,north,,,,,,,,,,
462,房型 ： house,1,house,,,,,,,,,,
463,欢迎 email 咨询,1,email,,,,,,,,,,
464,hello 大家 好,1,hello,,,,,,,,,,
465,联系 电话 ： 412-6518342 jane li,1,jane li,,,,,,,,,,
466,如 感 兴趣 ， 请 发 邮件 : yan 158@yahoo.,1,yan,,,,,,,,,,
467,位于 安全 的 西 oakland ！,1,oakland,,,,,,,,,,
468,apartment 网站 如下 ：,1,apartment,,,,,,,,,,
469,在 walnut 附近 ， 附近 有 很多 吃饭 逛街 的 地方,1,walnut,,,,,,,,,,
470,公共 家居 都 是 全 的 ， 房间 里 有 桌子 椅子 ， full size 的 床 ， 因为 我 之后 还 要 回来 住 ， 所以 柜子 ， 箱子 里面 的 东西 希望 你 不 要 动,1,full size,,,,,,,,,,
471,已 降价 ， still available,1,still available,,,,,,,,,,
472,出租 的 这个 卧室 很 大 ， 阳光 充沛 ， 是 独 栋 三 层 大 house 四 个 卧室 中 的 一 个 。,1,house,,,,,,,,,,
473,出租 的 这个 卧室 位于 第二 层 ， 一 层 是 share 的 客厅 餐厅 和 厨房 。,1,share,,,,,,,,,,
474,家具 齐全 ， 书架 ， 衣柜 ， full size 床 ， 书桌 ， 椅子 等 ；,1,full size,,,,,,,,,,
475,取暖 用 gas ， 暖气 很 足 ， 房东 付 。,1,gas,,,,,,,,,,
476,房子 的 大致 floor plan,1,floor plan,,,,,,,,,,
477,二 楼 的 full bathroom,1,full bathroom,,,,,,,,,,
478,家具 齐全 ， 书架 ， 衣柜 ， queen size 床 ， 书桌 ， 椅子 等 ；,1,queen size,,,,,,,,,,
479,走 五 分钟 过 一 个 街区 就 是 forbes 和 murray ave ， 各 种 餐馆 ， 超市 都 能 找到 。,2,forbes,,murray ave,,,,,,,,
480,公寓 有 免费 gym ， 门口 有 免费 停车场 。,1,gym,,,,,,,,,,
481,你 好 ， 可以 看看 我们 的 house ， 详见 我 的 帖子,1,house,,,,,,,,,,
482,east liberty 超大 公寓 出租 啦 ！,1,east liberty,,,,,,,,,,
483,mozart 是 匹兹堡 的 大 物业 ， arlington 是 mozart 的 物业 总部 ， 物业 维修 都 很 方便 。,3,mozart,,arlington,,mozart,,,,,,
484,门口 有 cvs 很 方便 。,1,cvs,,,,,,,,,,
485,如 感 兴趣 ， 请 发 邮件 : yan 158@yahoo.,1,yan,,,,,,,,,,
486,位于 安全 的 西 oakland ！,1,oakland,,,,,,,,,,
487,房租 不 包括 utilities （ 水 / 电 / 气 ） 。,1,utilities,,,,,,,,,,
488,采光 充足 ， 物业 nice 。,1,nice,,,,,,,,,,
489,整 租 可以 直接 跟 物业 签 lease 一 年 。,1,lease,,,,,,,,,,
490,独立 house 二 层 整 层 出租 ， 无需 准备 家具 ， 拎包 入住 。,1,house,,,,,,,,,,
491,公寓 位 于 cvs 超市 旁 生活 十分 便利 ， 离 公交 车站 也 非常 近 十 分钟 可 到 giant eagle 等 大 超市 。,2,cvs,,giant eagle,,,,,,,,
492,hello 大家 好,1,hello,,,,,,,,,,
493,拎包 入住 ～ 关于 公寓 信息 就 不 用 多 说 了 吧 ， 那 是 相当 popular ， 相当 好 的 ~~~,1,popular,,,,,,,,,,
494,preferred 地点 ：,1,preferred,,,,,,,,,,
495,最 多 两 人 share 一 个 卫生间,1,share,,,,,,,,,,
496,研究生 social work 入学 ， 过去 五 年 在 美国 中部 一 城市 学习 + 工作,1,social work,,,,,,,,,,
497,如 感 兴趣 ， 请 发 邮件 : yan 158@yahoo.,1,yan,,,,,,,,,,
498,公寓 house 皆 可 。,1,house,,,,,,,,,,
499,距离 giant eagle 步行 十 分钟 。,1,giant eagle,,,,,,,,,,
500,utility : 自理,1,utility,,,,,,,,,,
501,tel ： 412-818-1800 （ 短信 优先 ）,1,tel,,,,,,,,,,
502,后院 有 鱼池 ， 有 阳台 ， 可以 barbecue ；,1,barbecue,,,,,,,,,,
503,在 murray ave 上 ， 步行 去 giant eagle 和 餐馆,2,murray ave,,giant eagle,,,,,,,,
504,周围 有 饭店 超市 逛街 场所 walnut st 。,1,walnut st,,,,,,,,,,
505,是 house 。,1,house,,,,,,,,,,
506,available 时间 是 5.,1,available,,,,,,,,,,
507,房型 ： studio ( efficiency ),2,studio,,efficiency,,,,,,,,
508,走路 10-15 min 可 到 pitt&cmu ；,1,min,,,,,,,,,,
509,house 一共 有 三 间 卧室 ， 另外 两 间 分别 住 了 一 个 匹 大 本科 美国 女生 ， 和 一 个 匹 大 博士后 中国 男生 。,1,house,,,,,,,,,,
510,房租 ： $400 / 月 全 包 ， 已 包含 所有 utilities + 网 费 + management 申请 费$200 .,2,utilities,,management,,,,,,,,
511,house 宽敞 整洁 ， 4b1.,1,house,,,,,,,,,,
512,不 开 party ！,1,party,,,,,,,,,,
513,独立 house 二 层 整 层 出租 ， 无需 准备 家具 ， 拎包 入住 。,1,house,,,,,,,,,,
514,house 里面 的 一 个 客厅 ， 带 家具,1,house,,,,,,,,,,
515,本人 pitt master ， 暑期 要 去 别 州 ， 短期 出租 一 室 一 厅 的 apartment ， 公寓 环境 非常 好 ， 基本 都 是 pitt/cmu 的 学生 或 工作 人员 。,2,pitt master,,apartment,,,,,,,,
516,朋友 来 聚餐 ， 开 party 都 有 足够 空间 。,1,party,,,,,,,,,,
517,有 pet 可以 商量,1,pet,,,,,,,,,,
518,房子 是 一 个 大 house 有 院子 ， 门口 就 可以 免费 停车 很 方便 。,1,house,,,,,,,,,,
519,房子 是 一 个 大 house 有 院子 ， 门口 就 可以 免费 停车 很 方便 。,1,house,,,,,,,,,,
520,联系 方式 ： email : wf_1992@163.,1,email,,,,,,,,,,
521,可以 share 大部分 家用 电器 ， 厨房 用品 ， 家具 等 。,1,share,,,,,,,,,,
522,utility : 自理 （ 约 80-100 / 月 ）,1,utility,,,,,,,,,,
523,本人 pitt 研究生 ， 女生 。,1,pitt,,,,,,,,,,
524,north oakland 好 房 暑期 出租 ！,1,north oakland,,,,,,,,,,
525,附近 有 rite aid ， iga 超市 ， 满足 日常 需求 。,2,rite aid,,iga,,,,,,,,
526,下面 是 自己 对 这个 apartment 的 一些 总结 。,1,apartment,,,,,,,,,,
527,入住 需要 和 meyer 签 合约 。,1,meyer,,,,,,,,,,
528,没有 不良 嗜好 （ 最好 是 学生 ， 背景 简单 ） ， 不 会 在 家里 开 party 。,1,party,,,,,,,,,,
529,离 target ， trader joe ’ s ~ 1.,3,target,,trader joe,,s,,,,,,
530,有 兴趣 同学 可以 联系 mil 125@pitt.,1,mil,,,,,,,,,,
531,有 车库 ， drive way parking 和 street parking 。,2,drive way parking,,street parking,,,,,,,,
532,周围 有 饭店 超市 逛街 场所 walnut st 。,1,walnut st,,,,,,,,,,
533,位于 trees hall 附近 ， 步行 至 trees hall 仅 三 分钟,2,trees hall,,trees hall,,,,,,,,
534,地址 位 于 beacon st ， 是 独 栋 房屋 的 一 层 。,1,beacon st,,,,,,,,,,
535,后院 有 私家 车库 ， beacon st 两 侧 也 可 免费 趴 车 。,1,beacon st,,,,,,,,,,
536,紧邻 cvs ， 和 south craig street 上 众多 餐馆 。,2,cvs,,south craig street,,,,,,,,
537,卫生间 去年 年底 刚刚 装修 ， 简直 高大 上 ~~~ 物业 为 meyer management ， 属于 匹兹堡 地区 老牌 物业 ， 服务 周到 。,1,meyer management,,,,,,,,,,
538,三 个 大 卧室 ， 两 年 前 新 装修 厨房 面积 大 ， 采光 好 ， 有 花岗岩 台面 ， 新 橱柜 及 新 appliances .,1,appliances,,,,,,,,,,
539,如果 有 兴趣 可以 联系 我 email : tong_guo@yahoo.,1,email,,,,,,,,,,
540,小区 环境 非常 幽静 ： 有 多 处 playground 和 公园 ， 很 适合 有 孩子 （ 和 老人 ） 的 家庭 在,1,playground,,,,,,,,,,
541,步行 可 达 whole fruit ( 大型 食品 超市 ) ， target ( 家居 卖场 ） 。,2,whole fruit,,target,,,,,,,,
542,距离 cvs 5-10 分钟 ；,1,cvs,,,,,,,,,,
543,still available 价格 可以 商议,1,still available,,,,,,,,,,
544,房型 ： mozart 最大 一 套 ， 两 室 一 厅 ， 客厅 不 住 人 ， 出租 中央 卧室 。,1,mozart,,,,,,,,,,
545,有 pet 可以 商量,1,pet,,,,,,,,,,
546,距离 cvs 5-10 分钟 ；,1,cvs,,,,,,,,,,
547,utility : 自理,1,utility,,,,,,,,,,
548,有 一 个 fireplace ， 中央 空调 。,1,fireplace,,,,,,,,,,
549,如果 感 兴趣 ， 请 通过 email 联系 azhou66@yahoo.,1,email,,,,,,,,,,
550,三 个 大 卧室 ， 两 年 前 新 装修 厨房 面积 大 ， 采光 好 ， 有 花岗岩 台面 ， 新 橱柜 及 新 appliances .,1,appliances,,,,,,,,,,
551,如果 有 兴趣 可以 联系 我 email : tong_guo@yahoo.,1,email,,,,,,,,,,
552,apartment ， 两 室 一 厅 ， 出租 其中 一 间 卧室 。,1,apartment,,,,,,,,,,
553,可以 share 大部分 家用 电器 ， 厨房 用品 ， 客厅 家具 等 。,1,share,,,,,,,,,,
554,房租 不 包括 utilities （ 水 / 电 / 气 ） 。,1,utilities,,,,,,,,,,
555,房租 不 包括 utilities （ 水 / 电 / 气 ） 。,1,utilities,,,,,,,,,,
556,入住 需要 和 meyer 签 合约 。,1,meyer,,,,,,,,,,
557,没有 不良 嗜好 （ 最好 是 学生 ， 背景 简单 ） ， 不 会 在 家里 开 party 。,1,party,,,,,,,,,,
558,apartment 是 一 房 一 厅 ， 一 厨房 ， 一 卫浴 。,1,apartment,,,,,,,,,,
559,meyer 管理 ， 绝对 安全 。,1,meyer,,,,,,,,,,
560,非常 适合 coupon 或者 一 个 人 ！,1,coupon,,,,,,,,,,
561,本人 是 pitt master 在 读 已经 在 这 住 一 年 了,1,pitt master,,,,,,,,,,
562,现有 两 名 女生 居住 ， 一 名 匹 大 phd ， 另 一 名 匹 大 master ， 都 是 很 好 相处 的 女生 。,2,phd,,master,,,,,,,,
563,物业 是 口碑 很 好 的 mayer ’ s management ， 上门 修 东西 十分 及时 且 免费 。,2,mayer,,s management,,,,,,,,
564,apartment : 一 室 一 厅 。,1,apartment,,,,,,,,,,
565,roommate ： 匹 大 硕士 第二 年 ， 温柔 安静 好 相处 。,1,roommate,,,,,,,,,,
566,饭厅 有 两 张 书桌 ， 房间 有 一 张 king size bed 。,1,king size bed,,,,,,,,,,
567,交通 极 便利 ， forbes 上 几乎 所有 最 主要 的 公交 线路 都 直接 从 门口 经过 。,1,forbes,,,,,,,,,,
568,户型 ： 一 室 一 厅 ， 崭新 的 apartment room 。,1,apartment room,,,,,,,,,,
569,现有 两 匹 大 男生 ， 一 master 一 phd ， 很 好 相处 。,2,master,,phd,,,,,,,,
570,ps ： 房子 的 位置 在 north oakland ， 周围 小区 华人 和 白人 比较 多 ， 所以 比较 安全 ， 晚上 回家 也 不用 特别 担心 。,2,ps,,north oakland,,,,,,,,
571,如果 有 兴趣 可以 联系 我 email :,1,email,,,,,,,,,,
572,如 感 兴趣 ， 请 发 邮件 : yan 158@yahoo.,1,yan,,,,,,,,,,
573,附近 有 giant eagle ， 各 种 餐厅 ， 离 公园 frick park 走路 一 分钟 。,2,giant eagle,,frick park,,,,,,,,
574,如 感 兴趣 ， 请 发 邮件 : yan 158@yahoo.,1,yan,,,,,,,,,,
575,美国 请 联系 王 哥 412-378-8828 （ 美国 电话 ） ， email ： wjianming90@yahoo.,1,email,,,,,,,,,,
576,距离 川 霸王 ， 天天 见面 ， 府 河 人家 ， giant eagle 都 是 步 走 距离 ， 生活 便利 ；,1,giant eagle,,,,,,,,,,
577,卫生间 去年 年底 刚刚 装修 ， 简直 高大 上 ~~~ 物业 为 meyer management ， 属于 匹兹堡 地区 老牌 物业 ， 服务 周到 。,1,meyer management,,,,,,,,,,
578,附近 有 giant eagle ， 各 种 餐厅 ， 离 公园 frick park 走路 一 分钟 。,2,giant eagle,,frick park,,,,,,,,
579,暑假 在 匹 大 上 summer ， 实在 不 想 再 搬 一 次 。,1,summer,,,,,,,,,,
580,hello 大家 好,1,hello,,,,,,,,,,
581,联系 方式 ： email : greenfieldave4r@gmail.,1,email,,,,,,,,,,
582,管理 公司 是 匹兹堡 口碑 很 好 的 meyers management ， 维修 速度 非常 快 ， 且 没有 额外 费用,1,meyers management,,,,,,,,,,
583,联系 电话 or text ： 412-6518342 jane,2,or text,,jane,,,,,,,,
584,物业 为 meyer management ， 属于 匹兹堡 地区 老牌 物业 ， 服务 周到 。,1,meyer management,,,,,,,,,,
585,有意 者 text or call 412-265-5913 better to text first .,2,text or call,,better to text first,,,,,,,,
586,欢迎 email 联系 咨询 。,1,email,,,,,,,,,,
587,pets 可以 商量 。,1,pets,,,,,,,,,,
588,补充 ： bathroom,1,bathroom,,,,,,,,,,
589,这 是 one bedroom apartment .,1,one bedroom apartment,,,,,,,,,,
590,联系 方式 ： email : greenfieldave4r@gmail.,1,email,,,,,,,,,,
591,管理 公司 是 匹兹堡 口碑 很 好 的 meyers management ， 维修 速度 非常 快 ， 且 没有 额外 费用,1,meyers management,,,,,,,,,,
592,房子 结构 ： 三 层 楼 house,1,house,,,,,,,,,,
593,周边 ： 附近 有 bar 和 餐厅 ， 还 有 小 超市 。,1,bar,,,,,,,,,,
594,邮箱 [ url = mailtoiaqw@yahoo.,1,url,,,,,,,,,,
595,【 物业 】 ： meyers management 公司 ， 物业 反应 迅速,1,meyers management,,,,,,,,,,
596,【 物业 】 ： meyers management 公司 ， 物业 反应 迅速,1,meyers management,,,,,,,,,,
597,房租 在 400-500 usd / 月,1,usd,,,,,,,,,,
598,并且 附近 有 cvs 和 印度 、 韩国 超市 ， 购物 也 方便 。,1,cvs,,,,,,,,,,
599,north oakland 属于 学校 附近 相对 安静 和 治安 情况 较 好 的 区域 ， 居住 环境 好 ， 利于 学习 和 生活 。,1,north oakland,,,,,,,,,,
600,房租 在 400-500 usd / 月,1,usd,,,,,,,,,,
601,） 即日 起 available ！,1,available,,,,,,,,,,
602,） 即日 起 available ！,1,available,,,,,,,,,,
603,［ 生活 环境 ］ 距 giant eagle ， walnut st 步行 约 五 分钟 ， 周边 有 许多 餐厅 。,2,giant eagle,,walnut st,,,,,,,,
604,sherwood 算是 匹兹堡 地区 最好 的 公寓 之一 了 ， 稍微 听说 过 的 同学 应该 都 知道 。,1,sherwood,,,,,,,,,,
605,有 床 （ queen size ） 和 桌子 椅子 。,1,queen size,,,,,,,,,,
606,三 层 house ， 带 地下室 。,1,house,,,,,,,,,,
607,［ 生活 环境 ］ 距 giant eagle ， walnut st 步行 约 五 分钟 ， 周边 有 许多 餐厅 。,2,giant eagle,,walnut st,,,,,,,,
608,地址 ： chesterfield rd ，,1,chesterfield rd,,,,,,,,,,
609,并且 bus stop 的 位置 距离 公寓 只 需 四 分钟 的 时间 。,1,bus stop,,,,,,,,,,
610,房租 交付 方式 为 check 。,1,check,,,,,,,,,,
611,maintenance request 发出 一 两 天 内 就 会 有 人 来 修 。,1,maintenance request,,,,,,,,,,
612,pittsburgh oakland 地区 豪华 房 出租 ：,1,pittsburgh oakland,,,,,,,,,,
613,房子 是 独立 town house,1,town house,,,,,,,,,,
614,美国 请 联系 王 哥 412-378-8828 （ 美国 电话 ） ， email ： wjianming90@yahoo.,1,email,,,,,,,,,,
615,本人 求 one bed room ， college garden .,2,one bed room,,college garden,,,,,,,,
616,south oakland ， house 一 个 卧室 出租 。,2,south oakland,,house,,,,,,,,
617,house 里 还 有 客厅 ， 厨房 ， 地下室 。,1,house,,,,,,,,,,
618,三 层 楼 house,1,house,,,,,,,,,,
619,周边 ： 生活 便利 ， 附近 有 bar 和 餐厅 ， 还 有 小 超市 。,1,bar,,,,,,,,,,
620,house 里面 的 人 都 是 不 开 party 的 匹 大学生 。,2,house,,party,,,,,,,,
621,物业 为 meyer management ， 属于 匹兹堡 地区 老牌 物业 ， 服务 周到 。,1,meyer management,,,,,,,,,,
622,公寓 为 south windsor ， 只有 十四 户 。,1,south windsor,,,,,,,,,,
623,房子 是 独立 town house,1,town house,,,,,,,,,,
624,美国 请 联系 王 哥 412-378-8828 （ 美国 电话 ） ， email ： wjianming90@yahoo.,1,email,,,,,,,,,,
625,房子 是 独立 town house,1,town house,,,,,,,,,,
626,美国 请 联系 王 哥 412-378-8828 （ 美国 电话 ） ， email ： wjianming90@yahoo.,1,email,,,,,,,,,,
627,房东 美国 老头 ， 非常 nice .,1,nice,,,,,,,,,,
628,available from january ， 拎包 入住 ， 一月 房租 免除 ！,1,available from january,,,,,,,,,,
629,walnut street 上面 的 小店 和 bar 也 不错 ；,2,walnut street,,bar,,,,,,,,
630,house 里面 的 一 层 （ 一 室 一 厅 ） ， 带 家具,1,house,,,,,,,,,,
631,附近 有 giant eagle 、 target 和 trader joe's 。,3,giant eagle,,target,,trader,,,,,,
632,house 在 白人 养老 社区 ， 环境 十分 幽静 ， 治安 很 好 。,1,house,,,,,,,,,,
633,房子 招租 租 ， 坐落 在 greenfield 。,1,greenfield,,,,,,,,,,
634,二 楼 有 一 个 卫生间 一 楼 还 有 一 个 的 卫生间 ， 为 half bathroom,1,half bathroom,,,,,,,,,,
635,且 靠近 环境 优美 的 frick park 匹 村 美景 随时 享受,1,frick park,,,,,,,,,,
636,楼道 也 每 天 有 management 打扫 ， 维护 ~,1,management,,,,,,,,,,
637,大 卧室 住 的 是 pitt 女生 研究生 ， 安静 好 相处 。,1,pitt,,,,,,,,,,
638,apartment 里 有 很多 国人 留学生 ～,1,apartment,,,,,,,,,,
639,坐标 highland park ， 公寓 风景 一流 匹 村 最 佳 。,1,highland park,,,,,,,,,,
640,房租 加上 utility 费用 一共 每 月 $1086 。,1,utility,,,,,,,,,,
641,门口 有 cvs 很 方便 。,1,cvs,,,,,,,,,,
642,卧室 在 house 二 楼 。,1,house,,,,,,,,,,
643,房子 是 村里 公认 的 好 地段 ， 更多 信息 google 可 得 。,1,google,,,,,,,,,,
644,house 里面 的 一 层 （ 一 室 一 厅 ） ， 带 家具,1,house,,,,,,,,,,
645,从 公寓 步行 五 分钟 就 可以 到 大型 超市 giant eagle ， whole foods 。,2,giant eagle,,whole foods,,,,,,,,
646,有 床 （ queen size ） 和 桌子 椅子 。,1,queen size,,,,,,,,,,
647,房子 招租 租 ， 坐落 在 greenfield 。,1,greenfield,,,,,,,,,,
648,餐厅 ： 周围 有 很多 pizza 店,1,pizza,,,,,,,,,,
649,如果 有 兴趣 可以 联系 我 email :,1,email,,,,,,,,,,
650,附近 是 little italy 。,1,little italy,,,,,,,,,,
651,( prefer 短信 ),1,prefer,,,,,,,,,,
652,联系 方式 ： email ： supersunny29@yahoo.,1,email,,,,,,,,,,
653,view = public 邮箱 ： liyingjian@gmail.,2,view,,public,,,,,,,,
654,干净 一 居室 的 apartment 出租 ，,1,apartment,,,,,,,,,,
655,管理 公司 ： walnut capital ， 维修 十分 及时,1,walnut capital,,,,,,,,,,
656,房子 招租 租 ， 坐落 在 greenfield 。,1,greenfield,,,,,,,,,,
657,有意 请 email 至 fwplzh@gmail.,1,email,,,,,,,,,,
658,house 里面 的 一 个 卧室 ， 现在 就 可 入住,1,house,,,,,,,,,,
659,可 步行 至 匹 大 主 校区 各 个 学院 ， 距离 hillman library 步行 5-10 分钟 。,1,hillman library,,,,,,,,,,
660,请 大家 直接 去 联系 mozart 公司 ， 公司 联系 方式 是 412-682-7000 ， info@mozartrents.,1,mozart,,,,,,,,,,
661,我们 都 是 匹 大学生 ， 租房 请 直接 联系 mozart 。,1,mozart,,,,,,,,,,
662,manager 人 非常 nice 。,2,manager,,nice,,,,,,,,
663,house 里面 的 一 个 卧室,1,house,,,,,,,,,,
664,这个 一 室 一 厅 处于 一 个 三 楼 house 的 一 楼 ， 有 独立 的 卫生间 和 厨房 。,1,house,,,,,,,,,,
665,house 里面 的 一 个 客厅,1,house,,,,,,,,,,
666,房子 招租 租 ， 坐落 在 greenfield 。,1,greenfield,,,,,,,,,,
667,此 房间 位于 三 层 楼 的 house 的 二 楼 一 间 ， 一 楼 是 客厅 、 厨房 和 厕所 。,1,house,,,,,,,,,,
668,floor plan 见 ：,1,floor plan,,,,,,,,,,
669,现有 两 女生 ， 都 是 在 读 匹 大 phd ， 很 好 相处 。,1,phd,,,,,,,,,,
670,update 联系 方式 ： crystalmch@hotmail.,1,update,,,,,,,,,,
671,有意 请 email 至 fwplzh@gmail.,1,email,,,,,,,,,,
672,oakland 的 好 房 您 不 能 错过 ！,1,oakland,,,,,,,,,,
673,oakland 住 有 一 年 了 ， 经常 凌晨 走路 回家 ， 都 没 问题 的,1,oakland,,,,,,,,,,
674,往返 匹 大 cathedral of learning,1,cathedral of learning,,,,,,,,,,
675,如果 有 兴趣 可以 给 我 email ： xyliuwang@gmail.,1,email,,,,,,,,,,
676,（ 我 的 这个 房间 是 没有 阳台 的 （ balcony ） ）,1,balcony,,,,,,,,,,
677,紧邻 cvs ， 和 south craig street 上 众多 餐馆 。,2,cvs,,south craig street,,,,,,,,
678,oakland 的 好 房 您 不 能 错过 ！,1,oakland,,,,,,,,,,
679,single house : 房子 宽敞 明亮 !,1,single house,,,,,,,,,,
680,新 安装 的 地板 ， 带 家具 ， full size 的 大 床 。,1,full size,,,,,,,,,,
681,新 安装 的 地板 ， 带 家具 ， full size 的 大 床 ， 房间 里 有 空调 。,1,full size,,,,,,,,,,
682,需要 share bathroom 。,1,share bathroom,,,,,,,,,,
683,需要 人 现在 pittsburgh 签 房子 。,1,pittsburgh,,,,,,,,,,
684,地址 （ 可以 google map 上 查看 环境 ) :,1,google map,,,,,,,,,,
685,有意 请 email 至 fwplzh@gmail.,1,email,,,,,,,,,,
686,如 感 兴趣 ， 请 发 邮件 : yan 158@yahoo.,1,yan,,,,,,,,,,
687,三 层 楼 house,1,house,,,,,,,,,,
688,厨房 卫生间 ： 可能 与 另 一 个 房间 的 人 share ， 另 一 个 房间 是 女生 ， 匹 大学生 ， 人 很 nice ， 很 爱 干净 。,2,share,,nice,,,,,,,,
689,周边 ： 附近 有 bar 和 餐厅 ， 还 有 小 超市 。,1,bar,,,,,,,,,,
690,房子 结构 ： 三 层 楼 house,1,house,,,,,,,,,,
691,周边 ： 附近 有 bar 和 餐厅 ， 还 有 小 超市 。,1,bar,,,,,,,,,,
692,房间 位 于 house 三 层 楼 的 第三 层 。,1,house,,,,,,,,,,
693,顶 一下 ， 走路 十 分钟 左右 有 cvs 超市,1,cvs,,,,,,,,,,
694,有意 租房 者 请 email 或 微 信 联系 ， 谢谢 ！,1,email,,,,,,,,,,
695,有意 租房 者 请 email 或 微 信 联系 。,1,email,,,,,,,,,,
696,附近 的 初中 jefferson middle school 和 高中 mt.,1,jefferson middle school,,,,,,,,,,
697,如果 感 兴趣 ， 请 通过 email 联系 azhou66@yahoo.,1,email,,,,,,,,,,
698,公寓 在 centre ave 。,1,centre ave,,,,,,,,,,
699,oakland 的 好 房 您 不 能 错过 ！,1,oakland,,,,,,,,,,
700,房租 不 包括 utilities （ 水 / 电 / 气 ） 。,1,utilities,,,,,,,,,,
701,房子 是 一 个 大 house 有 院子 ， 门口 就 可以 免费 停车 很 方便 。,1,house,,,,,,,,,,
702,大 院子 和 front porch 。,1,front porch,,,,,,,,,,
703,需要 share bathroom 。,1,share bathroom,,,,,,,,,,
704,需要 人 现在 pittsburgh 签 房子 。,1,pittsburgh,,,,,,,,,,
705,需要 share bathroom 。,1,share bathroom,,,,,,,,,,
706,需要 人 现在 pittsburgh 签 房子 。,1,pittsburgh,,,,,,,,,,
707,up up 房子 依然 available,2,up up,,available,,,,,,,,
708,也 可以 street parking 。,1,street parking,,,,,,,,,,
709,去 其他 大型 超市 如 target 等 也 特别 方便 。,1,target,,,,,,,,,,
710,去 学校 或者 waterfront 都 非常 方便 。,1,waterfront,,,,,,,,,,
711,如果 感 兴趣 ， 请 通过 email 联系 azhou66@yahoo.,1,email,,,,,,,,,,
712,lebanon ， 该 区 高中 在 滨州 公立 排名 第九 。,1,lebanon,,,,,,,,,,
713,有意 请 email 至 fwplzh@gmail.,1,email,,,,,,,,,,
714,有意 租房 者 请 email 联系 ， 谢谢 ！,1,email,,,,,,,,,,
715,有意 租房 者 请 email 或 微 信 联系 ， 谢谢 ！,1,email,,,,,,,,,,
716,近 学校 shuttle 站 。,1,shuttle,,,,,,,,,,
717,如果 感 兴趣 ， 请 通过 email 联系 azhou66@yahoo.,1,email,,,,,,,,,,
718,有 车库 ， drive way 也 可以 停车,1,drive way,,,,,,,,,,
719,离 waterfront 特别 近 ， 生活 方便,1,waterfront,,,,,,,,,,
720,房子 结构 ： 三 层 楼 house,1,house,,,,,,,,,,
721,周边 ： 附近 有 bar 和 餐厅 ， 还 有 小 超市 。,1,bar,,,,,,,,,,
722,卧室 内 一 个 closet ， 客厅 另 有 一 个 closet 。,2,closet,,closet,,,,,,,,
723,房租 每 月 $650 左右 ， 包 heat 和 gas ， 冬天 取暖 heat 是 大头 ， 这 省 了 很 大 一 笔 开支 。,3,heat,,gas,,heat,,,,,,
724,因为 是 学校 的 房产 ， 住户 基本 均 为 匹 大 的 faculty 和 学生 ， 很 安全 而且 维修 管理 服务 便利 。,1,faculty,,,,,,,,,,
725,我们 实验室 有 个 博 后 ， 由于 他 的 老婆 和 女儿 过来 了 ， 故 需 换 一 个 大 点 的 apartment ， 所以 想 让 人 take over 他 目前 的 apartment 。,3,apartment,,take over,,apartment,,,,,,
726,sato ） 的 邮箱 : monoplatz@gmail.,1,sato,,,,,,,,,,
727,如果 感 兴趣 ， 请 通过 email 联系 azhou66@yahoo.,1,email,,,,,,,,,,
728,single house : 全新 装修 ！,1,single house,,,,,,,,,,
729,utility : 全 包 如上,1,utility,,,,,,,,,,
730,cell : 412-680-3862 或者 请 告诉 我 你 的 联系 方式 ， 我 会 尽快 与 你 联系,1,cell,,,,,,,,,,
731,lease 可以 从 八月 一日 起 一 年,1,lease,,,,,,,,,,
732,有意 租房 者 请 email 联系,1,email,,,,,,,,,,
733,oakland 有余 房 出租 。,1,oakland,,,,,,,,,,
734,如果 感 兴趣 ， 请 通过 email 联系 azhou66@yahoo.,1,email,,,,,,,,,,
735,有意 请 email 至 fwplzh@gmail.,1,email,,,,,,,,,,
736,如果 感 兴趣 ， 请 通过 email 联系 azhou66@yahoo.,1,email,,,,,,,,,,
737,近 学校 shuttle 站 。,1,shuttle,,,,,,,,,,
738,oakland 有 多 房 出租 。,1,oakland,,,,,,,,,,
739,公寓 may flower 是 匹 大学 校 的 房子 ， 主要 是 提供 给 研究生 的 ， 价钱 比 商业 公寓 便宜 。,1,may flower,,,,,,,,,,
740,匹 大 房产 college gardens 两 室 两 卫 的 apartment 。,2,college gardens,,apartment,,,,,,,,
741,联系 电话 ： 412-6518342 jane,1,jane,,,,,,,,,,
742,town house ， 四 卧室 。,1,town house,,,,,,,,,,
743,下面 是 自己 对 这个 apartment 的 一些 总结 。,1,apartment,,,,,,,,,,
744,oakland 的 好 房 您 不 能 错过 ！,1,oakland,,,,,,,,,,
745,房租 每 月 $2500 ， 房租 不 包括 utilities （ 水 / 电 / 气 ） 。,1,utilities,,,,,,,,,,
746,房租 不 包括 utilities （ 水 / 电 / 气 ） 。,1,utilities,,,,,,,,,,
747,房租 $600 / 月 ， all utility included （ i.,1,all utility included,,,,,,,,,,
748,如 有 兴趣 请 email ： yylrm@outlook.,1,email,,,,,,,,,,
749,地址 ： 松 鼠 山 bartlett st ， giant eagle 后面 。,2,bartlett st,,giant eagle,,,,,,,,
750,联系 方式 ： call : 412-901-7283e-mail : tomngtoo@msn.,1,call,,,,,,,,,,
751,manager 联系 方式 ：,1,manager,,,,,,,,,,
752,lebanon ， 该 区 高中 在 滨州 公立 排名 第九 。,1,lebanon,,,,,,,,,,
753,去 超市 也 很 方便 ， giant eagle ， target ， trader joe ' s 均 公交 直达 。,4,giant eagle,,target,,trader joe,,s,,,,
754,请 联系 我 ： jenny 0531@126.,1,jenny,,,,,,,,,,
755,房东 人 很 nice 。,1,nice,,,,,,,,,,
756,步行 到 匹 大 课室 、 图书馆 和 cafeteria 都 只 需 几 分钟 。,1,cafeteria,,,,,,,,,,
757,去 centre ave 上 的 giant eagle 也 只 需要 十 分钟 左右 。,2,centre ave,,giant eagle,,,,,,,,
758,本人 来自 沈阳 ， 在 public health school 。,1,public health school,,,,,,,,,,
759,十 分钟 步行 至 walnut st,1,walnut st,,,,,,,,,,
760,下面 是 自己 对 这个 apartment 的 一些 总结 。,1,apartment,,,,,,,,,,
761,公寓 may flower 是 匹 大学 校 的 房子 ， 主要 是 提供 给 研究生 的 ， 价钱 比 商业 公寓 便宜 。,1,may flower,,,,,,,,,,
762,具体 email 沟通 bbs4wanwan@gmail.,1,email,,,,,,,,,,
763,apartment 周边 环境 安静 ， 治安 也 比较 好 。,1,apartment,,,,,,,,,,
764,这个 studio 在 三 楼 ， 也 不 面向 大 马路 ， 不 吵 ， 很 安静 。,1,studio,,,,,,,,,,
765,独立 卫生间 ， 独立 大 衣帽间 ， 基本 可以 算是 一 个 没有 厨房 的 studio 。,1,studio,,,,,,,,,,
766,联系 方式 ： email : zoebbmm@gmail.,1,email,,,,,,,,,,
767,chesterfield road 出租 卧室 二 间 $330 / 月,1,chesterfield road,,,,,,,,,,
768,免费 室外 停车 ， 收费 室内 garage,1,garage,,,,,,,,,,
769,house 远离 主要 干道 ， 夜间 安静 保证 睡眠 质量 高 。,1,house,,,,,,,,,,
770,公寓 位于 五 楼 ， 采光 良好 ， 公寓 空间 很 大 ， 有 独立 的 卫生间 更衣 间 ， 和 完全 分离 的 厨房 ( 很多 studio 都 是 开放 厨房 ) .,1,studio,,,,,,,,,,
771,电话 ： 412-367-1920 ， email honglimo@yahoo.,1,email,,,,,,,,,,
772,出门 走 一 分钟 不到 就 有 81-83 bus 。,1,bus,,,,,,,,,,
773,leasing office 就 在 lobby ， 员工 也 非常 好 ， 有 什么 问题 随时 可以 找 他们 沟通 解决 。,2,leasing office,,lobby,,,,,,,,
774,公寓 里 自 配 独立 卫生间 ， closet ， 厨房 ， 非常 方便 ~,1,closet,,,,,,,,,,
775,本人 因为 毕业 要 搬到 其它 地方 ， 所以 只 能 忍痛 割爱 了 ， 现 出租 超级 大 而且 独立 的 living room ！,1,living room,,,,,,,,,,
776,conditions : 三 层 house 里面 最 大 的 一 间 卧室 。,2,conditions,,house,,,,,,,,
777,二 层 是 三 个 卧室 和 一 间 bathroom 。,1,bathroom,,,,,,,,,,
778,两 位 非常 nice 的 男生 ， 分别 为 pitt 和 duquesne 研究生 。,3,nice,,pitt,,duquesne,,,,,,
779,别 说 自己 没 天赋 ， have fun 不 需要 天赋 !,1,have fun,,,,,,,,,,
780,往返 匹 大 cathedral of learning,1,cathedral of learning,,,,,,,,,,
781,oakland 住 有 一 年 了 ， 经常 凌晨 走路 回家 ， 都 没 问题 的,1,oakland,,,,,,,,,,
782,（ 我 的 这个 房间 是 没有 阳台 的 （ balcony ） ）,1,balcony,,,,,,,,,,
783,公寓 位于 五 楼 ， 采光 良好 ， 公寓 空间 很 大 ， 有 独立 的 卫生间 更衣 间 ， 和 完全 分离 的 厨房 ( 很多 studio 都 是 开放 厨房 ) .,1,studio,,,,,,,,,,
784,购物 轻松 ， 从 公寓 步行 五 分钟 大 超市 giant eagle ， whole foods 。,2,giant eagle,,whole foods,,,,,,,,
785,提供 免费 的 street parking 和 便宜 的 室内 车库 。,1,street parking,,,,,,,,,,
786,卧室 内 一 个 closet ， 客厅 另 有 一 个 closet 。,2,closet,,closet,,,,,,,,
787,因为 是 学校 的 房产 ， 住户 基本 均 为 匹 大 的 faculty 和 学生 ， 很 安全 而且 维修 管理 服务 便利 。,1,faculty,,,,,,,,,,
788,college garden 公寓 属于 pitt 学校 资产 并由 学校 负责 管理 与 维护 。,2,college garden,,pitt,,,,,,,,
789,现有 独立 的 一 间 bedroom 出租 ， 在 mayflower 公寓 ， 属于 匹 大 的 房子 ， 在 north oakland 。,3,bedroom,,mayflower,,north oakland,,,,,,
790,每 月 租金 $450 ， 包括 所有 utility （ 水 ， 电 ， 气 ， 暖气 ） 和 网络 。,1,utility,,,,,,,,,,
791,房子 距离 pitt 各 大 学院 都 非常 近 。,1,pitt,,,,,,,,,,
792,female only ， 有意 请 联系 我 。,1,female only,,,,,,,,,,
793,phone : 412-535-2708 请 短信 ( prefer ),2,phone,,prefer,,,,,,,,
794,首先 是 容易 找到 month to month 的 一 月 付 房租 。,1,month to month,,,,,,,,,,
795,访 学 的 同学 没 听说 谁 不 签 一 年 lease 就 找 不 到 房子 住 马路 的 。,1,lease,,,,,,,,,,
796,家具 齐全 ， queen size 席梦思 大 床 ， 提包 入住 。,1,queen size,,,,,,,,,,
797,另 所 有 utility 全 包 。,1,utility,,,,,,,,,,
798,另 据 walnut street 几 分钟 步行 距离 ， 吃喝 方便 。,1,walnut street,,,,,,,,,,
799,要求 ： 附近 好 停车 ， house 和 apartment 都 可以 ， 月 总 费用 在 $600 以下 。,2,house,,apartment,,,,,,,,
800,公寓 内 有 gym ， recreational room ， 夏天 有 游泳池,2,gym,,recreational room,,,,,,,,
801,相当于 免 了 半 个 月 的 房租 ~ 包 水 和 trash ， 免费 停车,1,trash,,,,,,,,,,
802,同时 也 靠近 fifth ave ， 交通 十分 方便 。,1,fifth ave,,,,,,,,,,
803,非常 方便 ， center 上 就 有 个 giant eagle .,2,center,,giant eagle,,,,,,,,
804,非常 方便 ， center 上 就 有 个 giant eagle .,2,center,,giant eagle,,,,,,,,
805,非常 适合 读 summer 但 没有 宿舍 住 的 匹 大学生 和 初 到 匹兹堡 的 任何 学者 ！,1,summer,,,,,,,,,,
806,步行 到 匹 大 课室 、 图书馆 和 cafeteria 都 只 需 几 分钟 。,1,cafeteria,,,,,,,,,,
807,之后 可以 和 公司 再 签 下 一 年 的 lease 。,1,lease,,,,,,,,,,
808,详情 ： 独立 厨房 ， 室内 居住 面积 非常 大 ， 大 closet 两 个 。,1,closet,,,,,,,,,,
809,家具 柜子 ， 书桌 ， 饭桌 ， 椅子 ， 台灯 ， queen size bed ， 配置 齐全 ， 拎包 入住 。,1,queen size bed,,,,,,,,,,
810,免费 室外 停车 ， 收费 室内 garage,1,garage,,,,,,,,,,
811,地点 ： atwood street,1,atwood street,,,,,,,,,,
812,如 有 兴趣 ， 请 email : zhanlx3@gmail.,1,email,,,,,,,,,,
813,地点 ： atwood street,1,atwood street,,,,,,,,,,
814,有意 的 同学 请 email 联系 我 。,1,email,,,,,,,,,,
815,up up up up 来自 : 微 社区,1,up up up up,,,,,,,,,,
816,联系 电话 or text ： 412-6518342 jane,2,or text,,jane,,,,,,,,
817,现在 出租 该 house 三 层 的 三 件 卧室 中 的 一 间 。,1,house,,,,,,,,,,
818,房间 有 一 个 queen size 的 床 还 有 一 个 写字 桌 。,1,queen size,,,,,,,,,,
819,apartment 是 一 个 house 的 第二 层 ， 一共 有 三 层,2,apartment,,house,,,,,,,,
820,距离 audi 和 giant eagle 十 分钟 左右 。,2,audi,,giant eagle,,,,,,,,
821,地点 最 好 靠近 bayard st 和 n craig st 交接 的 地方 ， 就是 走路 五 分钟 就 到 的 那 种 。,2,bayard st,,n craig st,,,,,,,,
822,出租 匹 大 校外 学生 公寓 （ 隶属 匹兹堡 大学 ） 联系 电话 ： 412-539-6273 【 summary 】 出租 隶属 匹兹堡 大学 off-campus 公寓 客厅 。,1,summary,,,,,,,,,,
823,卧室 面积 足够 放下 full/queen 床 和 书桌 ， 卧室 内 有 一 个 closet ， 走道 有 一 个 walk-in closet 。,2,closet,,closet,,,,,,,,
824,college garden 公寓 属于 pitt 学校 资产 并由 学校 负责 管理 与 维护 。,2,college garden,,pitt,,,,,,,,
825,已 添加 房间 照片 ， still available .,1,still available,,,,,,,,,,
826,公寓 内 有 gym ， recreational room ， 夏天 有 游泳池,2,gym,,recreational room,,,,,,,,
827,天天 去 giant eagle 不 是 梦 ！,1,giant eagle,,,,,,,,,,
828,周边 ： 附近 有 dollar general ， giant eagle market district 。,2,dollar general,,giant eagle market district,,,,,,,,
829,更新 ： 房租 调整 为 大 卧室 $440 / 月 ， 小 卧室 $360 / 月 ， utility 全 包 。,1,utility,,,,,,,,,,
830,停车 有 很 大 的 garage 。,1,garage,,,,,,,,,,
831,小区 全部 是 meyer's management 管理 ， 安全 省心 ， 维修 即时 。,1,management,,,,,,,,,,
832,垃圾 有 人 每天 清理 ， 相 比较 住 house 简直 省 时 省力 。,1,house,,,,,,,,,,
833,无需 security deposit 。,1,security deposit,,,,,,,,,,
834,公寓 周边 环境 安全 舒服 ， meyer 是 north oakland 周边 最 好 的 real estate ， 同等 floor plan 租金 最 便宜 maintenance 最 靠 谱 payment method 最 灵活 （ 可 自行 查查 周边 union real esta*/sterlin*/lobos managemen* 进行 对比 ） 。,7,meyer,,north oakland,,real estate,,floor plan,,maintenance,,payment method,,union real,,
835,这 是 一 个 两 室 一 卫生间 一 客厅 一 个 厨房 的 apartment 。,1,apartment,,,,,,,,,,
836,important ] 咨询,1,important,,,,,,,,,,
837,我 这 件 卧室 大小 是 大概 可以 放下 两 张 king size 的 床 。,1,king size,,,,,,,,,,
838,好 房子 ， 交通 便利 ， 代 房东 发布 此 消息 ， 房东 非常 nice,1,nice,,,,,,,,,,
839,或者 email ： stella.,1,email,,,,,,,,,,
840,离 匹 大 ， cum 都 很 近 ， 交通 便利 。,1,cum,,,,,,,,,,
841,house 共 有 四 个 房间 ， 二 楼 和 三 楼 各 两 个 房间 ， 每 层 有 一 个 卫生间 。,1,house,,,,,,,,,,
842,购物 ： 步行 一 个 block 有 cvs ， 买 日常 用品 非常 方便 。,2,block,,cvs,,,,,,,,
843,squirrel hill 松鼠 山 好 房 出租 ！,1,squirrel hill,,,,,,,,,,
844,house 共 有 四 个 房间 ， 二 楼 和 三 楼 各 两 个 房间 ， 每 层 有 一 个 卫生间 。,1,house,,,,,,,,,,
845,如 有 兴趣 请 email : yylrm@outlook.,1,email,,,,,,,,,,
846,匹兹堡 apartment 卧室 招租 - 限 女生,1,apartment,,,,,,,,,,
847,并且 附近 有 cvs 和 印度 、 韩国 超市 ， 购物 也 方便 。,1,cvs,,,,,,,,,,
848,north oakland 属于 学校 附近 相对 安静 和 治安 情况 较 好 的 区域 ， 居住 环境 好 ， 利于 学习 和 生活 。,1,north oakland,,,,,,,,,,
849,如 有 兴趣 请 email : yylrm@outlook.,1,email,,,,,,,,,,
850,非 地毯 hard floor 。,1,hard floor,,,,,,,,,,
851,宜家 full size 床,1,full size,,,,,,,,,,
852,所 属 物业 ： walnut capital （ 匹兹堡 特别 好 的 物业 ）,1,walnut capital,,,,,,,,,,
853,人 非常 nice,1,nice,,,,,,,,,,
854,也 有 校园 shuttle 停 靠 站 。,1,shuttle,,,,,,,,,,
855,house 中 的 一 个 最大 房间 ， 租金 为 ： 399$ / 月 。,1,house,,,,,,,,,,
856,房东 待人 和善 ， 房东 联系 email ： rent@soptopenn.,1,email,,,,,,,,,,
857,平时 非常 安静 ， 也 很 少 有 人 干扰 ， 基本 没 人 会 在 这里 开 party 什么 的 ， 非常 适合 学习 。,1,party,,,,,,,,,,
858,社区 ： squirrel hill ， 3-9 分钟 步行 可 达 bus stop,2,squirrel hill,,bus stop,,,,,,,,
859,您 想 找 有 免费 street parking 的 公寓 吗 ？,1,street parking,,,,,,,,,,
860,college gardens 公寓 属于 pitt 学校 资产 并由 学校 负责 管理 与 维护 。,2,college gardens,,pitt,,,,,,,,
861,附近 有 cvs 和 印度 超市 ， 购物 方便 ， 也 有 很多 中国 ， 印度 餐馆 。,1,cvs,,,,,,,,,,
862,您 想 找 有 免费 street parking 的 公寓 吗 ？,1,street parking,,,,,,,,,,
863,college gardens 公寓 属于 pitt 学校 资产 并由 学校 负责 管理 与 维护 。,2,college gardens,,pitt,,,,,,,,
864,房子 是 一 个 两 层 楼 大 house 。,1,house,,,,,,,,,,
865,二 楼 是 两 个 bedrooms 。,1,bedrooms,,,,,,,,,,
866,每个 bedroom 里 还 有 两 层 ， 是 个 loft 的 感觉 ， 很 大 。,2,bedroom,,loft,,,,,,,,
867,含 一 个 outdoor parking 固定 车位 ， 不 需要 抢 。,1,outdoor parking,,,,,,,,,,
868,公寓 情况 ： 超大 一 室 一 厅 ， 位 于 bayard road ， 属于 著名 的 meyers 公司 。,2,bayard road,,meyers,,,,,,,,
869,交通 便捷 ， 去 中国 超市 ， whole foods market ， target ， downtown 等 均 可 直达 。,3,whole foods market,,target,,downtown,,,,,,
870,两 个 walk-in closet 非常 宽敞 。,1,closet,,,,,,,,,,
871,学校 escort 可 直达 。,1,escort,,,,,,,,,,
872,周边 环境 ： 对面 是 女子 大学 （ chatham university ） 安静 和 安全 。,1,chatham university,,,,,,,,,,
873,人 也 很 nice 的 ！,1,nice,,,,,,,,,,
874,if （ 学校 escort ）,2,if,,escort,,,,,,,,
875,if （ 学校 shuttle ）,2,if,,shuttle,,,,,,,,
876,去 giant eagle,1,giant eagle,,,,,,,,,,
877,阳台 （ 面向 shady ）,1,shady,,,,,,,,,,
878,college garden 公寓 属于 pitt 学校 资产 并由 学校 负责 管理 与 维护 。,2,college garden,,pitt,,,,,,,,
879,停车 ： 有 免费 的 off-street parking,1,parking,,,,,,,,,,
880,联系 时 请 说明 你 的 名字 ， 性别 ， 在 这里 的 身份 （ 例如 master ， phd ， 访问 学者 等 ）,2,master,,phd,,,,,,,,
881,由于 本人 下 学期 要 study abroad ， 现在 需要 将 apartment 从 12.,2,study abroad,,apartment,,,,,,,,
882,没有 单独 的 laundry 。,1,laundry,,,,,,,,,,
883,要 去 tower 洗 衣服,1,tower,,,,,,,,,,
884,一 个 studio （ 独立 卫生间 ， 一 个 大厅 包括 厨房 ） 。,1,studio,,,,,,,,,,
885,这个 apt 非常 好 ， 可能 整个 匹兹堡 都 找 不 到 这么 便宜 的 apt 了 。,2,apt,,apt,,,,,,,,
886,不含 utility 。,1,utility,,,,,,,,,,
887,craig 两 室 一 厅 中 一 室 招租 。,1,craig,,,,,,,,,,
888,出门 一 分钟 到 centre 和 craig 路口 。,2,centre,,craig,,,,,,,,
889,所有 家具 齐全 （ queen size 床 + 书桌 + 转椅 + 衣柜 + 书柜 ） 只 需 提包 入住 。,1,queen size,,,,,,,,,,
890,房子 是 一 个 两 层 楼 大 house 。,1,house,,,,,,,,,,
891,刚 装修 过 的 新房 ， 有 back yard ， deck 等,2,back yard,,deck,,,,,,,,
892,停车 ： 有 停车场 ， 但是 需要 交 fee 。,1,fee,,,,,,,,,,
893,欢迎 email 或者 电话 咨询 信息 照片,1,email,,,,,,,,,,
894,html 租金 为 750+electricity,1,html,,,,,,,,,,
895,松鼠 山 有 很多 restaurant ， 吃饭 不 发愁 。,1,restaurant,,,,,,,,,,
896,距离 giant eagle 只 有 一 个 block ， 购物 方便 。,2,giant eagle,,block,,,,,,,,
897,一 室 一 厅 ， 客厅 招租 ， 并且 有 dining room 。,1,dining room,,,,,,,,,,
898,客厅 面积 很 大 ， 很 明亮 ， 有 自己 的 closet ( 详见 floor plan ),2,closet,,floor plan,,,,,,,,
899,（ 可 google 查看 地理 位置 ）,1,google,,,,,,,,,,
900,位置 在 murray 和 forward 交叉 路口 附近 ， 方便 上下 374.,2,murray,,forward,,,,,,,,
901,有 free street parking.,1,free street,,,,,,,,,,
902,现在 有 位于 bartlett st 的 安静 公寓 中 一 间 卧室 出租 ， 出门 过 马路 即 可 到 giant eagle ， 买 东西 很 方便 。,2,bartlett st,,giant eagle,,,,,,,,
903,center tower 一 室 一 厅 招租 。,1,center tower,,,,,,,,,,
904,lease 到 2016.,1,lease,,,,,,,,,,
905,现有 两 匹 大 master ， 一 男生 一 女生 ， 很 好 相处 。,1,master,,,,,,,,,,
906,的 studio ， 环境 安静 。,1,studio,,,,,,,,,,
907,邮箱 jib 40@pitt.,1,jib,,,,,,,,,,
908,floor plan ( 我 用 模拟 人生 搞 的 = = 就 看 个 结构 吧 实际 颜色 不 是 这样 的 ) 房东 给 我 拍 了 一 段 房子 现在 的 样子 的 视频 可以 发 邮件 问 我 要 ：,1,floor plan,,,,,,,,,,
909,floor plan ( 我 用 模拟 人生 搞 的 = = 就 看 个 结构 吧 实际 颜色 不 是 这样 的 ) ：,1,floor plan,,,,,,,,,,
910,这 是 one bedroom apartment .,1,one bedroom apartment,,,,,,,,,,
911,联系 方式 ： call : 724-630-3493 e-mail : pghbest@hotmail.,1,call,,,,,,,,,,
912,本人 匹 大 研究生 毕业 ， 在 学校 的 实验室 做 opt ， 男 ， 无 不良 嗜好 。,1,opt,,,,,,,,,,
913,有 permit ， 没有 车 ， 但是 想 近期 考 驾照 。,1,permit,,,,,,,,,,
914,请 再次 确认 一下 微 信号 ， 我 添加 你 时 显示 “ not found ” 。,1,not found,,,,,,,,,,
915,已经 拿到 permit ， 有 车 。,1,permit,,,,,,,,,,
916,位置 ： squirrel hill 附近 。,1,squirrel hill,,,,,,,,,,
917,你 还 ， 请 问 可以 share 一下 你 教练 的 联系 方式 吗 ？,1,share,,,,,,,,,,
918,我 也 拿到 了 permit ， 最近 想 请 教练 陪练 ， 但 还 没 找到 。,1,permit,,,,,,,,,,
919,在 每 一 次 booking 客人 走 之后 需要 进行 整理 和 清洁 。,1,booking,,,,,,,,,,
920,allen 于 2018-4-25 14:27 编辑,1,allen,,,,,,,,,,
921,大家 好 ， 我 是 匹 大学生 ， 希望 加入 一 个 手机 的 family plan 。,1,family plan,,,,,,,,,,
922,豪华 suv 包车 往返 pit 机场 及 匹兹堡 市区,2,suv,,pit,,,,,,,,
923,去 ymca 找 一 个 正规 的 吧,1,ymca,,,,,,,,,,
924,area manager 地区 经理,1,area manager,,,,,,,,,,
925,有 良好 的 沟通 能力 和 时间 观念 ， 团队 意识 强 熟练 应用 电脑 ， excel 表格 ， word 文档 等 基本 办公 软件 应用 有 工作 经验 ， 美国 身份 者 优先 考虑,2,excel,,word,,,,,,,,
926,朋友 背景 ： 国内 大学 研究生 ， 已 拿到 公司 offer .,1,offer,,,,,,,,,,
927,客服 很 nice ， 丢 单 必 补 ， 从不 赖账 ；,1,nice,,,,,,,,,,
928,有 permit 和 国内 驾照 ， 希望 有 人 可以 有偿 帮忙 过 一 遍 考试 内容 和 讲 一下 注意 事项 ！,1,permit,,,,,,,,,,
929,有 需要 或 加入 att family plan 的 吗 ？,1,att family plan,,,,,,,,,,
930,参加 信息 ， 论坛 详情 见 flyer ！,1,flyer,,,,,,,,,,
931,有 permit ， 没有 车 ， 但是 很 需要 近期 考 驾照 。,1,permit,,,,,,,,,,
932,你们 要 去 哪个 outlet,1,outlet,,,,,,,,,,
933,过往 的 两 次 自从 匹 大 加入 acc 对阵 情况 来看 ， 掌控 比赛 节奏 在 对阵 duke 时 总 显得 那么 的 艰难 。,2,acc,,duke,,,,,,,,
934,晚上 去 woodbury outlets 。,1,woodbury outlets,,,,,,,,,,
935,大家 找 工作 都 需要 专业 头像 作为 自己 的 profile picture .,1,profile picture,,,,,,,,,,
936,walter's automotive ， 口碑 很好,1,automotive,,,,,,,,,,
937,target 就 可以,1,target,,,,,,,,,,
938,还有 pittsburgh custom darkroom :,1,pittsburgh custom darkroom,,,,,,,,,,
939,> 通过 校园 里 的 emergency 报警 系统,1,emergency,,,,,,,,,,
940,remain calm 冷静,1,remain calm,,,,,,,,,,
941,use good judgment 机智,1,use good judgment,,,,,,,,,,
942,be observant : race ， ht/wt ， age ， glasses ， facial hair ， clothing ， direction of flight 注意 观察 对方 特征,7,be observant,,race,,age,,glasses,,facial hair,,clothing,,direction of flight,,
943,south oakland 的 bates street 以西 - - hill district,3,south oakland,,bates street,,hill district,,,,,,
944,west oakland 的 robinson street 西 南面 -- terrace village,3,west oakland,,robinson street,,terrace village,,,,,,
945,trees 周五 大概 是 几 点 ？,1,trees,,,,,,,,,,
946,另外 peterson 是 哪里 .,1,peterson,,,,,,,,,,
947,然后 就 可以 email 群发 附近 的 dealer 要求 报价 ， 然后 让 他们 互相 beat 。,3,email,,dealer,,beat,,,,,,
948,liability : 你 的 责任 事故 给 别人 造成 的 经济 损失 和 医疗 费用 。,1,liability,,,,,,,,,,
949,以上 是 对 保险 的 概述 ， 各 公司 的 coverage 条款 中 会 有 细微 差别 。,1,coverage,,,,,,,,,,
950,所谓 全 保 和 半 保 的 区别 ， 主要 是 指 是否 有 collision ， 因为 只有 liability 和 collision 比较 贵 。,3,collision,,liability,,collision,,,,,,
951,航空 公司 xx airlines,1,xx airlines,,,,,,,,,,
952,pasta 意大利 面 rice 米饭 noodle 面条 / 炒面,3,pasta,,rice,,noodle,,,,,,
953,白开水 water 茶 tee 咖啡 coffee 牛奶 milk 橙汁 orange juice 花生 peanuts,6,water,,tee,,coffee,,milk,,orange juice,,peanuts,,
954,toilet 厕所 excuse me.,2,toilet,,excuse,,,,,,,,
955,我 儿子 的 毕业 典礼 my son ’ s graduation ceremony,2,my son,,s graduation ceremony,,,,,,,,
956,照相 take photo/picture,1,take,,,,,,,,,,
957,我 不 懂 sorry i don ’t understand,2,sorry i don,,understand,,,,,,,,
958,我 不 说 英语 sorry i don ’ t speak english,2,sorry i don,,t speak english,,,,,,,,
959,行李 传送带 luggage claim ;,1,luggage claim,,,,,,,,,,
960,baggage claim 国际 出港 international departure,2,baggage claim,,international departure,,,,,,,,
961,国内 出港 domestic departure 国际 旅客 international passengers,2,domestic departure,,international passengers,,,,,,,,
962,转机 transfer 转机 旅客 transfer passengers,2,transfer,,transfer passengers,,,,,,,,
963,入口 in 出口 exit ;,2,in,,exit,,,,,,,,
964,厕所 toilet ， restroom 正点 on time 延误 、 推迟 delayed,4,toilet,,restroom,,on time,,delayed,,,,
965,姓 family name ， last name ， surname 名 first name,4,family name,,last name,,surname,,first name,,,,
966,下 一 页 是 给 海关 官员 的 信 ， 打出 来 之后 带着 ， 过关 的 时候 他 可能 会 问 ： what ’ s your purpose of this visit ?,2,what,,s your purpose of this visit,,,,,,,,
967,（ 你 为何 来 美国 ， 你 在 美国 住 哪里 ， 等等 ） 告诉 他 i don ’ t speak english ， but please take a look at this .,3,i don,,t speak english,,but please take a look at this,,,,,,
968,august 7-9 : 餐馆 预演 ， 就是 早 去 有 优惠 哦,1,august,,,,,,,,,,
969,august 10-16 ： 就 是 正式 的 餐馆 周 啦,1,august,,,,,,,,,,
970,google 点 图 ， 电脑 里 都 没有 了 。,1,google,,,,,,,,,,
971,山上 有 很多 家 高大 上 的 餐厅 ， 我 最 喜欢 的 一 家 是 monterey bay fish grotto ， view 给 满分 。,2,monterey bay fish grotto,,view,,,,,,,,
972,downtown 有 个 公寓 叫 washington plaza ， view 啊 户型 啊 ， 都 极 好 ， 没有 车 也 有 公交 ， 车位 充足 生活 便利 。,3,downtown,,washington plaza,,view,,,,,,
