SentenceID,CodeSwitchedSentence,NumberOfCodeSwitching,CodeSwitch1,Translation1,CodeSwitch2,Translation2,CodeSwitch3,Translation3,CodeSwitch4,Translation4,CodeSwitch5,Translation5,TranslatedSentence
0, 全新 的 baby safety mirror ， 可以 看到 坐在 rear face seat 上 小孩 的 情况 ， $5 。,2,baby safety mirror,儿童安全镜,rear face seat,儿童安全座椅,,,,,,, 全新 的 儿童安全镜 ， 可以 看到 坐在儿童安全座椅 上 小孩 的 情况 ， $5 。
1, 床头 桌 night stand$10,1,night,床头柜,,,,,,,,, 床头 桌床头柜$10
2, 小 蜡烛 一 盒 a box of little candles$2,1,a box of little,一小盒蜡烛,,,,,,,,, 小 蜡烛 一 盒 一小盒蜡烛 $2
3, 三 个 帽子 three hats$5 in total,2,three,三个帽子,in total,总共,,,,,,, 三 个 帽子 三个帽子总共$5
4, 全程 dealer 保养 ， 没 出 过 任何 毛病 ， 非常 省 油 省心 。,1,dealer,卖家,,,,,,,,, 全程卖家 保养 ， 没 出 过 任何 毛病 ， 非常 省 油 省心 。
5, 垃圾 桶 上 有 penn state 校徽,1,penn state,宾州州立,,,,,,,,, 垃圾 桶 上 有 宾州州立校徽
6, 咖啡 机 hamilton beach one cup coffee,1,hamilton beach one cup coffee,汉密尔顿碧池一杯大小咖啡机,,,,,,,,, 咖啡 机 汉密尔顿碧池一杯大小咖啡机
7, 补充 ： jeep 带有 按键 启动 、 遥控 启动 功能 。,1,jeep,吉普,,,,,,,,, 补充 ：吉普带有 按键 启动 、 遥控 启动 功能 。
8, 补充 ： jeep 带有 按键 启动 、 遥控 启动 功能 。,1,jeep,吉普,,,,,,,,, 补充 ： 吉普带有 按键 启动 、 遥控 启动 功能 。
9, 求 一 张 成色 比较 新 的 queen size 的 木头 床 。,1,queen size,大号,,,,,,,,, 求 一 张 成色 比较 新 的 大号 的 木头 床 。
10, 地址 在 squirrel hill ， 请 联系 电话 pn-0 .,1,squirrel hill,松鼠山,,,,,,,,, 地址 在 松鼠山， 请 联系 电话 pn-0 .
11, 坐 几 站 bus 就 能 到 giant eagle ；,2,bus,公交,giant eagle,大老鹰,,,,,,, 坐 几 站 公交 就 能 到 大老鹰 ；
12, 本人 因 做 毕业 论文 离开 匹兹堡 现 出售 自己 的 buick century 。,1,buick century,别克世纪,,,,,,,,, 本人 因 做 毕业 论文 离开 匹兹堡 现 出售 自己 的 别克世纪 。
13, google drive 地址 ：,1,google drive,谷歌云盘,,,,,,,,, 谷歌云盘 地址 ：
14, hello ~ 下面 先 列 个 列表 ， 包括 物品 、 价格 、 赠品 。,1,hello,嘿,,,,,,,,, 嘿 ~ 下面 先 列 个 列表 ， 包括 物品 、 价格 、 赠品 。
15, up up up up 自己 up 一下 ~,2,up up up up,顶顶顶顶,up,顶,,,,,,, 顶顶顶顶 自己顶 一下 ~
16, up up up up up up 一下 自己 ~,1,up up up up up up,顶顶顶顶顶,,,,,,,,, 顶顶顶顶顶 一下 自己 ~
17, 这个 amazon 上 的 链接 ，,1,amazon,亚马逊,,,,,,,,, 这个亚马逊 上 的 链接 ，
18, 价格 、 照片 、 联系 方式 ， 请 看 google docs 文件 ：,1,google docs,谷歌文档,,,,,,,,, 价格 、 照片 、 联系 方式 ， 请 看 谷歌文档 文件 ：
19, nine west tote bag 全 新 $25,1,nine west tote bag,玖熙手包,,,,,,,,, 玖熙手包 全 新 $25
20, hello ~ 下面 先 列 个 列表 ， 包括 物品 、 价格 、 赠品 。,1,hello,嘿,,,,,,,,, 嘿 ~ 下面 先 列 个 列表 ， 包括 物品 、 价格 、 赠品 。
21, blender ： 原价 $ 39.,1,blender,搅拌机,,,,,,,,, 搅拌机： 原价 $ 39.
22, tx-instrument financial instrument : actuarial exam fm/mle : 原价 84.,2,financial instrument,金融用品,actuarial exam,精算考试,,,,,,, tx-instrument 金融用品 : 精算考试 : 原价 84.
24, 照片 请 看 下边 google drive 的 链接 ：,1,google drive,谷歌云盘,,,,,,,,, 照片 请 看 下边 谷歌云盘 的 链接 ：
25, 出 闲置 ， 有 兴趣 请 email 联系,1,email,电子邮件,,,,,,,,, 出 闲置 ， 有 兴趣 请电子邮件 联系
26, 车子 状况 非常 好 ， clean title ， 无 事故 ， 省心 省 油 。,1,clean title,干净标题,,,,,,,,, 车子 状况 非常 好 ，干净标题 ， 无 事故 ， 省心 省 油 。
27, 红色 ， 第一 任 车主 ， clean title ， 基本 配置 。,1,clean title,干净标题,,,,,,,,, 红色 ， 第一 任 车主 ，干净标题 ， 基本 配置 。
28, tx-instrument financial instrument : actuarial exam fm/mle : 原价 84.,2,financial instrument,金融用品,actuarial exam,精算考试,,,,,,, tx-instrument金融用品 : 精算考试 : 原价 84.
30, 电梯 直达 [ url = ] [/url ],1,url,统一资源定位符,,,,,,,,, 电梯 直达 [ 统一资源定位符 = ] [/统一资源定位符 ]
31, king size king size king size 床,1,king size king size king size,超大号,,,,,,,,, 超大号超大号超大号的 床
32, queen size size size 床,1,queen size size size,大号,,,,,,,,, 大号的 床
33, 一 张 work bench ;,1,work bench,工作台,,,,,,,,, 一 张 工作台;
34, 邮箱 wood em@0,1,wood,伍德,,,,,,,,, 邮箱 wood em@0
35, 楼 主 你 是 不 是 在 sq hill ？,1,sq hill,sq （松鼠）山,,,,,,,,, 楼 主 你 是 不 是 在 松鼠山？
36, 车子 状况 非常 好 ， clean title ， 无 事故 ， 省心 省 油 。,1,clean title,干净标题,,,,,,,,, 车子 状况 非常 好 ，干净标题， 无 事故 ， 省心 省 油 。
37, 没有 任何 故障 ， 车辆 非常 省心 ， 非常 reliable 。,1,reliable,可靠的,,,,,,,,, 没有 任何 故障 ， 车辆 非常 省心 ， 非常 可靠。
38, 大家 好 ， 我 是 匹 大学生 ， 希望 加入 一 个 手机 的 family plan 。,1,family plan,家庭套餐,,,,,,,,, 大家 好 ， 我 是 匹 大学生 ， 希望 加入 一 个 手机 的 家庭套餐。
39, cell : pn-1 ( 电话 或 短信 均 可 ),1,cell,电话,,,,,,,,, 电话 : pn-1 ( 电话 或 短信 均 可 )
40, cell : pn-1 ( 电话 或 短信 均 可 ),1,cell,电话,,,,,,,,, 电话 : pn-1 ( 电话 或 短信 均 可 )
41, clean title ， 随时 可 交 车,1,clean title,干净标题,,,,,,,,, 干净标题 ， 随时 可 交 车
42, 微波炉 搬家 sale,1,sale,出售,,,,,,,,, 搬家 出售微波炉
43, 无线 激光 打印机 brother 牌子 可以 复印 ， 扫描 ！,1,brother,兄弟,,,,,,,,, 无线 激光 打印机 兄弟牌 可以 复印 ， 扫描 ！
44, 有 兴趣 请 联系 rent em@1,1,rent,出租,,,,,,,,, 有 兴趣 请 联系 rent em@1
45, 使用 至今 没有 任何 事故 记录 ， clean title 。,1,clean title,干净标题,,,,,,,,, 使用 至今 没有 任何 事故 记录 ， 干净标题 。
46, 写 paper 写 作业 必备 。,1,paper,文章,,,,,,,,, 写 文章 写 作业 必备 。
47, 有 兴趣 请 先 邮件 联系 rent em@1,1,rent,出租,,,,,,,,, 有 兴趣 请 先 邮件 联系 rent em@1
48, 豪华 suv 包车 往返 pit 机场 及 匹兹堡 市区,2,suv,城市功能越野车,pit,匹兹堡,,,,,,, 豪华城市功能越野车 包车 往返 匹兹堡 机场 及 匹兹堡 市区
49, 豪华 suv 包车 往返 pit 机场 及 匹兹堡 市区,2,suv,城市功能越野车,pit,匹兹堡,,,,,,, 豪华城市功能越野车 包车 往返 匹兹堡 机场 及 匹兹堡 市区
50, 联系 电话 ： pn-2 email : em@2,1,email,电子邮箱,,,,,,,,, 联系 电话 ： pn-2 电子邮箱 : em@2
51, 小 电风扇 已 出 ， 屏风 on hold,1,on hold,等待,,,,,,,,, 小 电风扇 已 出 ， 屏风待出
52, hello 你 可以 直接 微 信 我 ， 我 发给 你 吗 ？,1,hello,你好,,,,,,,,, 你好 你 可以 直接 微 信 我 ， 我 发给 你 吗 ？
53, 最好 在 north oakland,1,north oakland,北奥克兰,,,,,,,,, 最好 在 北奥克兰
54, 本人 是 第三 任 车主 ， 前 两 位 车主 及 本人 均 在 奥迪 dealer 店 定期 保养 ， 车况 好 。,1,dealer,卖家,,,,,,,,, 本人 是 第三 任 车主 ， 前 两 位 车主 及 本人 均 在 奥迪卖家 店 定期 保养 ， 车况 好 。
55, 联系 电话 ： pn-2 email : em@2,1,email,电子邮箱,,,,,,,,, 联系 电话 ： pn-2 电子邮箱 : em@2
56, amazon fire tv stick ， 原价 $ 39.,1,amazon fire tv stick,亚马逊火焰电视棒,,,,,,,,, 亚马逊火焰电视棒 ， 原价 $ 39.
57, 宜家 立柜 / 书柜 ( like new ) : $25 ( multiple available ),2,like new,半新,multiple available,多个可得,,,,,,, 宜家 立柜 / 书柜 ( 半新 ) : $25 ( 多个可得 )
58, 地址 ： frick park,1,frick park,弗里克公园,,,,,,,,, 地址 ：弗里克公园
59, 我 住 n craig st 。,1,n craig st,北克列戈街,,,,,,,,, 我 住 北克列戈街 。
60, 以上 queen size 已 出 啦,1,queen size,大号尺寸的,,,,,,,,, 以上 大号尺寸的 已 出 啦
61, 本人 是 第三 任 车主 ， 前 两 位 车主 及 本人 均 在 奥迪 dealer 店 定期 保养 ， 车况 好 。,1,dealer,卖家,,,,,,,,, 本人 是 第三 任 车主 ， 前 两 位 车主 及 本人 均 在 奥迪 的专卖 店 定期 保养 ， 车况 好 。
62, 求购 bread toaster 一 个 ！,1,bread toaster,烤面包机,,,,,,,,, 求购烤面包机一 个 ！
63, cloth horse 是 啥 啊 楼 主,1,cloth horse,晾衣架,,,,,,,,, 晾衣架 是 啥 啊 楼 主
64, 可以 暂时 用 国内 的 驾照 开 ， 不过 最好 是 考 learner permit 。,1,learner permit,学习者许可证,,,,,,,,, 可以 暂时 用 国内 的 驾照 开 ， 不过 最好 是 考 学习者许可证。
65, 平时 都 很 爱惜 车子 经常 保养 车主 不 吸烟 clean title 可 送 aux 线 手机 支架,2,clean title,干净标题,aux,辅助接口,,,,,,, 平时 都 很 爱惜 车子 经常 保养 车主 不 吸烟 干净标题 可 送 辅助接口 线 手机 支架
66, 因 relocate 需要 ， 出手 小车 ~,1,relocate,搬家,,,,,,,,, 因 搬家 需要 ， 出手 小车 ~
67, 自动 挡 （ 手 自 一体 ） 两 门 蓝 （ 灰 ） 色 coupe ， 2.,1,coupe,双开门车,,,,,,,,, 自动 挡 （ 手 自 一体 ） 两 门 蓝 （ 灰 ） 色 双开门车 ， 2.
68, 全新 gre og$20,1,gre,研究生标准考试,,,,,,,,, 全新 研究生标准考试 官方指导书$20
69, 物品 condition 大部分 excellent to like new .,2,condition,状态,excellent to like new,完美到较新,,,,,,, 物品状态大部分完美到较新 .
70, 带 三 档 fan control ，,1,fan control,风扇控制,,,,,,,,, 带 三 档风扇控制 ，
71, front ， top ， bottom 都 有 dust filter ，,4,front,前面,top,上,bottom,下,dust filter,粉尘过滤器,,, 前面，上面 ， 下面 都 有 粉尘过滤器 ，
72, 出售 二手 full size 床 ！,1,full size,全尺寸大小,,,,,,,,, 出售 二手 全尺寸大小的 床 ！
73, 对 您 的 tv stand 感兴趣 ， 请 提供 联系 方式 ， 我 的 联系 电话 pn-3 （ 杨 ） ， 谢谢 ！,1,tv stand,电视站脚,,,,,,,,, 对 您 的 电视站脚 感兴趣 ， 请 提供 联系 方式 ， 我 的 联系 电话 pn-3 （ 杨 ） ， 谢谢 ！
74, 包含 ： 电 吉他 ， 音箱 ， cable ， 输入 3.,1,cable,线,,,,,,,,, 包含 ： 电 吉他 ， 音箱 ， 线， 输入 3.
75, 具体 的 信息 也 可以 参考 amazon 的 页面 或者 短信 我 。,1,amazon,亚马逊,,,,,,,,, 具体 的 信息 也 可以 参考 亚马逊 的 页面 或者 短信 我 。
76, 十 分钟 可 达 买 吃 一 条 街 - walnut street 。,1,walnut street,核桃街,,,,,,,,, 十 分钟 可 达 买 吃 一 条 街 - 核桃街 。
77, 这 是 amazon 的 link,2,amazon,亚马逊,link,链接,,,,,,, 这 是 亚马逊 的 链接
78, png 回国 转让 家具 ：,1,png,图片？,,,,,,,,, 图片： 回国 转让 家具 ：
79, 小区 环境 非常 幽静 ： 有 多 处 playground 和 公园 ， 很 适合 有 孩子 （ 和 老人 ） 的 家庭 在,1,playground,操场,,,,,,,,, 小区 环境 非常 幽静 ： 有 多 处 操场 和 公园 ， 很 适合 有 孩子 （ 和 老人 ） 的 家庭 在
80, 今天 刚 做 的 inspection ， 去年 做 过 alignment ， 轮胎 刚 用 一 年 多 ， 很 新 。,2,inspection,检查,alignment,校准,,,,,,, 今天 刚 做 的 检查， 去年 做 过校准 ， 轮胎 刚 用 一 年 多 ， 很 新 。
81, 正值 壮年 ， 因为 是 timing chain 所以 不用 担心 timing belt 问题 。,2,timing chain,时间链,timing belt,同步带,,,,,,, 正值 壮年 ， 因为 是时间链 所以 不用 担心 同步带问题 。
82, 家具 都 是 宜家 或者 amazon 上 购买 的 ， 使用 了 不到 一 年 。,1,amazon,亚马逊,,,,,,,,, 家具 都 是 宜家 或者 亚马逊 上 购买 的 ， 使用 了 不到 一 年 。
83, amazon 上 marcy 健身 椅$15,2,amazon,亚马逊,marcy,,,,,,,, 亚马逊 上 马西牌 健身 椅$15
84, ask for$19500 （ 可 小刀 ）,1,ask,需要,,,,,,,,, 需要$19500 （ 可 小刀 ）
85, 系统 及 功能 就 不用 说 了 ， 用 mac 的 都 知道 。,1,mac,苹果电脑,,,,,,,,, 系统 及 功能 就 不用 说 了 ， 用 苹果电脑 的 都 知道 。
86, 就 在 south oakland 随时 看 车 ， pn-4 。,1,south oakland,南奥克兰,,,,,,,,, 就 在 南奥克兰 随时 看 车 ， pn-4 。
87, 【 物业 】 ： meyers management 公司 ， 物业 反应 迅速,1,meyers management,迈耶斯物业,,,,,,,,, 【 物业 】 ：迈耶斯物业 公司 ， 物业 反应 迅速
88, 盒子 里 本身 两 个 游戏 ， 再 多 送 两 个 游戏 ， 很 适合 party 的 时候 大家 一起 玩 。,1,party,聚会,,,,,,,,, 盒子 里 本身 两 个 游戏 ， 再 多 送 两 个 游戏 ， 很 适合 聚会的 时候 大家 一起 玩 。
89, 小朋友 不到 一 岁 就 换 了 convertible car seat ， 这个 在家 闲置 了 几 个 月 了 。,1,convertible car seat,可转换汽车座椅,,,,,,,,, 小朋友 不到 一 岁 就 换 了 可转换式汽车座椅 ， 这个 在家 闲置 了 几 个 月 了 。
90, king size 的,1,king size,超大号,,,,,,,,, 超大号的
91, clean title ， 从未 有 过 任何 事故 ， 车况 良好 ， 性能 稳定 ， 并 有 其他 附件 赠送 。,1,clean title,干净标题,,,,,,,,, 干净标题 ， 从未 有 过 任何 事故 ， 车况 良好 ， 性能 稳定 ， 并 有 其他 附件 赠送 。
92, 两 个 car seater 都 出 了 ， 谢谢 关注 ！,1,car seater,汽车座椅,,,,,,,,, 两 个 汽车座椅 都 出 了 ， 谢谢 关注 ！
93, room essentials 风扇 。,1,room essentials,房间必须,,,,,,,,, 房需牌 风扇 。
94, modem 和 wireless router 套餐 。,2,modem,猫（调制解调器）,wireless router,无线路由器,,,,,,, 调制解调器 和 无线路由器 套餐 。
96, 联系 方式 ： pn-5 ( text ),1,text,信息,,,,,,,,, 联系 方式 ： pn-5 ( 短信 )
97, 发动机 强劲 smooth ， 驾驶 舒适 ， 视线 好 ， 跑 长途 毫无 问题 。,1,smooth,平稳,,,,,,,,, 发动机 强劲平稳， 驾驶 舒适 ， 视线 好 ， 跑 长途 毫无 问题 。
98, 型号 ： hamilton beach 331414-quart .,1,hamilton beach,汉密尔顿碧池,,,,,,,,, 型号 ：汉密尔顿碧池 331414-quart .
99, amazon 链接 ( 原价 $ 19.,1,amazon,亚马逊,,,,,,,,, 亚马逊 链接 ( 原价 $ 19.
100, 转让 玻璃 茶几 ， 包括 一 个 coffee table 和 两 个 side tables 。,2,coffee table,咖啡桌,side tables,茶几,,,,,,, 转让 玻璃 茶几 ， 包括 一 个咖啡桌 和 两 个茶几 。
101, 一 个 night stand ， 一 个 小 书桌 免费 赠送 。,1,night stand,床头柜,,,,,,,,, 一 个床头柜， 一 个 小 书桌 免费 赠送 。
102, 联系 方式 ： email : sum em@3,2,email,电子邮件,sum,和,,,,,,, 联系 方式 ： 电子邮件: sum em@3
103, 我 刚刚 仔细 看 了 一下 空调 的 介绍 ， 这个 空调 好像 不 适合 standard window ， 如果 给 大家 造成 误导 ， 十分 抱歉 。,1,standard window,标准窗,,,,,,,,, 我 刚刚 仔细 看 了 一下 空调 的 介绍 ， 这个 空调 好像 不 适合 标准窗 ， 如果 给 大家 造成 误导 ， 十分 抱歉 。
104, 地址 ： near frick park,1,near frick park,近弗里克公园,,,,,,,,, 地址 ：近弗里克公园
105, thx 已 出,1,thx,谢谢,,,,,,,,, 谢谢 已 出
106, 利用 closet 下方 空间 的 整理 架 免费,1,closet,衣橱,,,,,,,,, 利用 衣橱 下方 空间 的 整理 架 免费
107, 地址 在 frick park 附近 。,1,frick park,弗里克公园,,,,,,,,, 地址 在弗里克公园 附近 。
108, 或者 请 查看 word 附件 ～,1,word,文档,,,,,,,,, 或者 请 查看文档附件 ～
109, （ 坐标 ： south oakland ， 联系 方式 ： em@4,1,south oakland,南奥克兰,,,,,,,,, （ 坐标 ： 南奥克兰， 联系 方式 ： em@4
110, 每 三千 迈 用 最 好 的 mobil-1 synthetic oil 细心 保养,1,synthetic oil,合成油,,,,,,,,, 每 三千 迈 用 最 好 的 汽车一号 合成油 细心 保养
111, 仅 后面 bumper 和 左 后 车门 有 少许 dents,2,bumper,保险杠,dents,凹痕,,,,,,, 仅 后面保险杠 和 左 后 车门 有 少许凹痕
112, 坐标 ： squirrel hill .,1,squirrel hill,松鼠山,,,,,,,,, 坐标 ：松鼠山
113, 免费 的 桌子 ， baby seat ， high chair ， queen size mattress and box .,3,baby seat,婴儿座椅,high chair,高脚凳,queen size mattress and box,大号席梦思和盒子,,,,, 免费 的 桌子 ， 婴儿座椅，高脚凳 ， 大号席梦思和盒子
115, 八月 初 到 匹兹堡 ， 需要 一 张 queen size 的 床 ， 桌子 ， 椅子 各 种 家具,1,queen size,大号,,,,,,,,, 八月 初 到 匹兹堡 ， 需要 一 张 大号 的 床 ， 桌子 ， 椅子 各 种 家具
116, 利用 closet 下方 空间 的 整理 架 免费,1,closet,衣橱,,,,,,,,, 利用 衣橱 下方 空间 的 整理 架 免费
117, 我 的 地址 在 fifth ave and aiken ave 附近 。,1,fifth ave and aiken ave,五街和艾肯街,,,,,,,,, 我 的 地址 在 五街和艾肯街 附近 。
118, 有 兴趣 的 朋友 请 联系 [ url = mailtoynch.,1,url,统一资源定位符,,,,,,,,, 有 兴趣 的 朋友 请 联系 [ 统一资源定位符 = mailtoynch.
119, 打印机 为 brother hl-2270 dw ， 状态 良好,2,brother,兄弟,dw,,,,,,,, 打印机 为 兄弟牌 hl-2270 dw ， 状态 良好
120, 东西 在 north oakland,1,north oakland,北奥克兰,,,,,,,,, 东西 在 北奥克兰
121, 地点 位于 s highland ave 和 elwood st 交界,2,s highland ave,南高地街,elwood st,埃尔伍德街,,,,,,, 地点 位于 南高地街 和 埃尔伍德街 交界
122, 你 转账 后 ， 我 给 你 完整 的 report .,1,report,报告,,,,,,,,, 你 转账 后 ， 我 给 你 完整 的 报告
123, queen size 睡 两 人 很 宽敞 ， 舒服 ！,1,queen size,大号床,,,,,,,,, 大号床 睡 两 人 很 宽敞 ， 舒服 ！
124, 微波炉 ， danby 0.,1,danby,丹比,,,,,,,,, 微波炉 ，丹比0.
125, 人 在 centre giant eagle 附近 ~,1,centre giant eagle,中大老鹰,,,,,,,,, 人 在 中 大老鹰 附近 ~
126, 求购 window machine,1,window machine,窗口机,,,,,,,,, 求购 窗口机
127, 白板 [ size = 14.,1,size,大小,,,,,,,,, 白板 [ 大小= 14.
128, 可以 支撑 起来 看 视频 的 case,1,case,外壳,,,,,,,,, 可以 支撑 起来 看 视频 的 外壳
130, 有 兴趣 邮件 betty em@5,1,betty,贝蒂,,,,,,,,, 有 兴趣 邮件 betty em@5
131, 验证 码 [ url = ] 换 一 个 [/url ],1,url,统一资源定位符,,,,,,,,, 验证 码 [ 统一资源定位符 = ] 换 一 个 [/统一资源定位符 ]
132, dish dryer : 有 专门 可以 放 筷子 的 地方 。,1,dish dryer,晾碗框,,,,,,,,, 晾碗框 : 有 专门 可以 放 筷子 的 地方 。
133, 或 发 邮件 到 ： cap em@6,1,cap,帽子,,,,,,,,, 或 发 邮件 到 ： cap em@6
134, 所有 保养 ， inspection ， 换 轮胎 全 都 是 在 奔驰 dealer 做 的 。,2,inspection,检查,dealer,卖家,,,,,,, 所有 保养 ，检查 ， 换 轮胎 全 都 是 在 奔驰 卖家做 的 。
135, 半 年 前 换 了 四 个 break rotors ， 和 两 个 front breaks ，,2,break rotors,brake rotor 刹车转子,front breaks,front brake前刹,,,,,,, 半 年 前 换 了 四 个 刹车转子 ， 和 两 个前刹，
136, 最好 在 centre ， market district giant eagle 附近 。,2,centre,中 ,market district giant eagle,市场区大老鹰,,,,,,, 最好 在 中大老鹰超市区 附近 。
137, 需要 自己 来 pick up ， 谢谢 ！,1,pick up,拿,,,,,,,,, 需要 自己 来拿， 谢谢 ！
138, 回国 出 高端 音响 beats by dr.,1,beats by,beats,,,,,,,,, 回国 出 高端 音响 beats by dr.
139, 电话 ： 412-六五二－6177 （ 最好 message ）,1,message,短信,,,,,,,,, 电话 ： 412-六五二－6177 （ 最好 短信 ）
140, 顶上 的 mic 不 能 调节 方向 ， 但是 对 录音 效果 并 无 影响 ，,1,mic,麦克风,,,,,,,,, 顶上 的 麦克风 不 能 调节 方向 ， 但是 对 录音 效果 并 无 影响 ，
141, 一 个 厚 被子 ， queen size 。,1,queen size,大号的,,,,,,,,, 一 个 厚 被子 ， 大号的。
142, 搅拌机 ， $5--- sold,1,sold,已出售,,,,,,,,, 搅拌机 ， $5---已出售
143, 买 两 件 以上 送 phipps conservatory and botanical gardens 门票 一 张 ， 买 三 件 以上,1,phipps conservatory and botanical gardens,菲普斯温室植物园,,,,,,,,, 买 两 件 以上 送 菲普斯温室植物园 门票 一 张 ， 买 三 件 以上
144, wireless chiclet-style keyboard ， optical mouse ， 赠送 键盘 和 鼠标 ；,3,wireless,无线的,keyboard,键盘,optical mouse,光学鼠标,,,,, 无线的方块键盘 ，光学鼠标 ， 赠送 键盘 和 鼠标 ；
145, 操作 系统 ： windows 8.,1,windows,视窗,,,,,,,,, 操作 系统 ： 视窗 8.
146, 显卡 ： integrated ;,1,integrated,集成,,,,,,,,, 显卡 ：集成 ;
147, 给 自己 ding 一下 ！,1,ding,顶,,,,,,,,, 给 自己 顶 一下 ！
148, 今天 随手 一 试 发现 code 能用 ， 真是 意外 惊喜 。,1,code,代码,,,,,,,,, 今天 随手 一 试 发现代码 能用 ， 真是 意外 惊喜 。
149, honeywell 电 风扇 ， amazon 23.,2,honeywell,哈尼维尔,amazon,亚马逊,,,,,,, 哈尼维尔电 风扇 ， 亚马逊 23.
150, 毕业 甩卖 家具 （ 具体 价格 图片 见 google doc ）,1,google doc,谷歌文档,,,,,,,,, 毕业 甩卖 家具 （ 具体 价格 图片 见 谷歌文档 ）
151, 位置 在 hobart street ， squirrel hill .,2,hobart street,霍巴特街,squirrel hill,松鼠山,,,,,,, 位置 在霍巴特街 ，松鼠山.
152, 楼主 发现 amazon 刚刚 匹配 了 $ 33.,1,amazon,亚马逊,,,,,,,,, 楼主 发现 亚马逊 刚刚 匹配 了 $ 33.
153, sony 的 2.,1,sony,索尼,,,,,,,,, 索尼 的 2.
154, amazon 原价 23.,1,amazon,亚马逊,,,,,,,,, 亚马逊 原价 23.
155, 这 款 面 包机 在 amazon 卖 $ 54.,1,amazon,亚马逊,,,,,,,,, 这 款 面 包机 在 亚马逊 卖 $ 54.
156, target （ 电子 产品 ， 家居 ， 衣物 等 。,1,target,塔吉特,,,,,,,,, 塔吉特 （ 电子 产品 ， 家居 ， 衣物 等 。
157, apple watch 送 $100 礼品 卡 （ 相当于 $249 ） ;,1,apple watch,苹果手表,,,,,,,,, 苹果手表送 $100 礼品 卡 （ 相当于 $249 ） ;
158, best buy 的 电视 deal 每 年 都 是 最 划算 的 ， 但是 要 去 店 门口 排队 ， 没有 把握 拿到,2,best buy,百思买,deal,促销,,,,,,, 百思买的 电视 促销 每 年 都 是 最 划算 的 ， 但是 要 去 店 门口 排队 ， 没有 把握 拿到
159, staples （ 电器 ， 电子 产品 ）,1,staples,订书机？（应该是个电子产品的牌子？）,,,,,,,,, 订书机 （ 电器 ， 电子 产品 ）
160, kindle paperwhite$99 ( 原价 $ 119.,1,kindle,电子书,,,,,,,,, 电子书 $99 ( 原价 $ 119.
161, ebay （ 综合 类 。,1,ebay,易趣,,,,,,,,, 易趣（ 综合 类 。
162, jc penney （ 主要 是 衣服 ， 很多 冬装 9.,1,jc penney,杰西盘尼,,,,,,,,, 杰西盘尼 （ 主要 是 衣服 ， 很多 冬装 9.
163, 差不多 算是 全新 的 了 ， 适合 full-size stove 的 公寓 或 house 使用 。,2,stove,壁炉,house,住宅,,,,,,, 差不多 算是 全新 的 了 ， 适合 带全壁炉 的 公寓 或 独栋住宅使用 。
164, 具体 联系 ： lig em@7,1,lig,李哥,,,,,,,,, 具体 联系 ： lig em@7
165, 高清 图片 见 google doc,1,google doc,谷歌文档,,,,,,,,, 高清 图片 见 谷歌文档
166, 可以 轻松 在 cmos 里 超频 。,1,cmos,计算机芯片,,,,,,,,, 可以 轻松 在 计算机芯片 里 超频 。
167, id=0b2acusdjp9ogqzhpeejstc1quuu&usp = sharing ， 有 兴趣 欢迎 联系 ， 电话 pn-6 ， 邮件 em@8,1,sharing,分享,,,,,,,,, id=0b2acusdjp9ogqzhpeejstc1quuu&usp = sharing ， 有 兴趣 欢迎 联系 ， 电话 pn-6 ， 邮件 em@8
168, html （ 价格 可以 商量 ）,1,html,超文字标记语言,,,,,,,,, 超文字标记语言 （ 价格 可以 商量 ）
169, update : 依然 有效 ， 现在 $ 25.,1,update,更新,,,,,,,,, 更新 : 依然 有效 ， 现在 $ 25.
170, amazon 上 买 的 新 书 ， 除了 用 铅笔 划 过 几 条 线 以外 就 跟 新 的 一样 。,1,amazon,亚马逊,,,,,,,,, 亚马逊 上 买 的 新 书 ， 除了 用 铅笔 划 过 几 条 线 以外 就 跟 新 的 一样 。
171, dell st 201020-inch 16:9 aspect ratio flat panel monitor + 音响 $40,2,dell st,戴尔街,aspect ratio flat panel monitor,宽高比平板显示屏,,,,,,, 戴尔 2010款 20英寸 16:9 平板显示器 + 音响 $40
172, 平时 用 的 很 仔细 ， condition 很好 。,1,condition,状态,,,,,,,,, 平时 用 的 很 仔细 ， 状态 很好 。
173, 感兴趣 的 请 email 至 em@9,1,email,电子邮件,,,,,,,,, 感兴趣 的 请 发电子邮件 至 em@9
174, hello ， 大家 好,1,hello,嘿,,,,,,,,, 嘿 ， 大家 好
175, 轻薄 便捷 ， usb 连接,1,usb,通用串行总线,,,,,,,,, 轻薄 便捷 ，通用串行总线 连接
176, 电磁场 与 电磁波 david k .,1,david k,大卫k,,,,,,,,, 电磁场 与 电磁波 大卫 k .
177, 动态 系统 的 数字 控制 gene f.,1,gene,基因,,,,,,,,, 动态 系统 的 数字 控制 基因 f.
178, 仍然 available :,1,available,有效,,,,,,,,, 仍然 有效 :
179, 坐标 craig 上 的 cvs 附近,2,craig,克列戈,cvs,超市,,,,,,, 坐标 克列戈街 上 的 cvs（超市名） 附近
180, 选择 standard shipping 即 可 免 运费 。,1,standard shipping,标准运送,,,,,,,,, 选择 标准运送即 可 免 运费 。
181, 因 太太 准备 开车 ， 不 习惯 开 suv ， 所以 正在 购买 新车 中 。,1,suv,城市功能越野车,,,,,,,,, 因 太太 准备 开车 ， 不 习惯 开 城市功能越野车 ， 所以 正在 购买 新车 中 。
182, 成色 不错 啊 ， 是 clean title 吗,1,clean title,干净标题,,,,,,,,, 成色 不错 啊 ， 是干净标题吗
183, 一 个 是 独立 房 ， 一 个 是 condo .,1,condo,公寓,,,,,,,,, 一 个 是 独立 房 ， 一 个 是公寓 .
184, utility : 自理 （ 约 70-100 / 月 ）,1,utility,水电气,,,,,,,,, 水电气 : 自理 （ 约 70-100 / 月 ）
185, 个人 平时 比较 宅 ， 不 开 party 。,1,party,聚会,,,,,,,,, 个人 平时 比较 宅 ， 不 开聚会。
186, 有意 请 email 至 em@10,1,email,电子邮件,,,,,,,,, 有意 请 发电子邮件 至 em@10
187, 啊 不 好意思 我 已经 update 了 联系 方式 了,1,update,更新,,,,,,,,, 啊 不 好意思 我 已经 更新了 联系 方式 了
188, 现在 还 available,1,available,有效,,,,,,,,, 现在 还 有效
189, south oakland 独立 一 室 一 厅 公寓 出租 ！,1,south oakland,南奥克兰,,,,,,,,, 南奥克兰独立 一 室 一 厅 公寓 出租 ！
190, 该 公寓 是 匹兹堡 最 火 的 公寓 ， 口碑 物业 meyers 旗下 最 受 中国 学生 欢迎 的 公寓 ， 性价比 高 。,1,meyers,迈耶斯,,,,,,,,, 该 公寓 是 匹兹堡 最 火 的 公寓 ， 口碑 物业 迈耶斯 旗下 最 受 中国 学生 欢迎 的 公寓 ， 性价比 高 。
191, ） 公寓 情况 ： mozart 是 匹兹堡 的 大 物业 ， arlington 是 mozart 的 物业 总部 ， 物业 维修 都 很 方便 。,3,mozart,莫扎特,arlington,艾林顿,mozart,莫扎特,,,,, ） 公寓 情况 ：莫扎特是 匹兹堡 的 大 物业 ，艾林顿 是 莫扎特 的 物业 总部 ， 物业 维修 都 很 方便 。
192, 精装 修 、 家具 全 、 free 无线 上网 !,1,free,免费,,,,,,,,, 精装 修 、 家具 全 、免费无线 上网 !
193, oakland 的 干净 精致 好 房 您 不 能 错过 ！,1,oakland,奥克兰,,,,,,,,, 奥克兰 的 干净 精致 好 房 您 不 能 错过 ！
194, 精装 修 家具 全 free 无线 上网 !,1,free,免费,,,,,,,,, 精装 修 家具 全 免费 无线 上网 !
195, 地点 ： central oakland,1,central oakland,中奥克兰,,,,,,,,, 地点 ： 中奥克兰
196, 环境 ： 住宅 街区 ， street parking 。,1,street parking,路边停车,,,,,,,,, 环境 ： 住宅 街区 ， 提供路边停车 。
197, 房型 ： house,1,house,住宅,,,,,,,,, 房型 ： 大独栋住宅
198, 欢迎 email 咨询,1,email,电子邮件,,,,,,,,, 欢迎 电子邮件 咨询
199, 门口 有 bus 到 中国 超市 ， 餐馆 和 downtown .,2,bus,公交,downtown,市区,,,,,,, 门口 有公交 到 中国 超市 ， 餐馆 和 市区 .
200, 本人 ： 男 ， 第二 年 pitt phd 。,1,pitt phd,匹兹堡博士,,,,,,,,, 本人 ： 男 ， 第二 年匹兹堡大学博士。
201, house 一 楼 是 餐厅 客厅 和 厨房 二 楼 是 三 个 房间 share 卫生间 。,2,house,住宅,share,共享,,,,,,, 住宅一 楼 是 餐厅 客厅 和 厨房 二 楼 是 三 个 房间 共享 卫生间 。
202, 四 个 房间 租金 分别 为 390，420，460，490 usd / 月 。,1,usd,美刀,,,,,,,,, 四 个 房间 租金 分别 为 390，420，460，490 美刀 / 月 。
203, 四 个 房间 租金 分别 为 390，420，460，490 usd / 月 。,1,usd,美刀,,,,,,,,, 四 个 房间 租金 分别 为 390，420，460，490美刀/ 月 。
204, 位置 ： north oakland/shadyside,1,north,北,,,,,,,,, 位置 ： 北奥克兰/沙迪
205, 有 pet 可以 商量,1,pet,宠物,,,,,,,,, 有 宠物 可以 商量
206, 欢迎 email 联系 咨询 。,1,email,电子邮件,,,,,,,,, 欢迎 电子邮件 联系 咨询 。
207, ( 由于 可 接受 的 附件 大 小 太 小 放 不 下 我 的 照片 ， 请 点击 以下 google drive 的 link 观看 照片 ， 谢谢 ！,2,google drive,谷歌云盘,link,链接,,,,,,, ( 由于 可 接受 的 附件 大 小 太 小 放 不 下 我 的 照片 ， 请 点击 以下 谷歌云盘的 链接 观看 照片 ， 谢谢 ！
208, 有 pet 可以 商量,1,pet,宠物,,,,,,,,, 有 宠物可以 商量
209, 门口 有 bus 到 中国 超市 ， 餐馆 和 downtown .,2,bus,公交,downtown,市区,,,,,,, 门口 有 公交到 中国 超市 ， 餐馆 和 市区 .
210, 如果 感 兴趣 ， 请 通过 email 联系 em@11,1,email,电子邮件,,,,,,,,, 如果 感 兴趣 ， 请 通过 电子邮件 联系 em@11
211, house 共 两 个 卧室 ， 一 个 阁楼 。,1,house,住宅,,,,,,,,, 住宅共 两 个 卧室 ， 一 个 阁楼 。
212, 阁楼 有 一 个 living room 和 一 个 bedroom 。,2,living room,客厅,bedroom,卧室,,,,,,, 阁楼 有 一 个 客厅 和 一 个卧室 。
213, house 厨房 ， 厕所 宽敞 明亮 。,1,house,住宅,,,,,,,,, 住宅 厨房 ， 厕所 宽敞 明亮 。
214, 本人 男 ， 今年 去 pitt 读 master ， 8.,2,pitt,匹兹堡,master,硕士,,,,,,, 本人 男 ， 今年 去 匹兹堡大学 读 硕士 ， 8.
215, 门口 有 bus 到 中国 超市 ， 餐馆 和 downtown .,2,bus,公交,downtown,市区,,,,,,, 门口 有 公交 到 中国 超市 ， 餐馆 和 市区 .
216, 要求 ： security deposit ， 爱 干净,1,security deposit,保证金,,,,,,,,, 要求 ：保证金 ， 爱 干净
217, 小区 居民 是 学生 和 年轻 学者 ， 学校 的 shuttle,1,shuttle,摆渡车,,,,,,,,, 小区 居民 是 学生 和 年轻 学者 ， 学校 的 摆渡车
218, 联系 电话 : pn-7 ， email : em@12,1,email,电子邮件,,,,,,,,, 联系 电话 : pn-7 ， 电子邮件 : em@12
219, 这时 living room 的 图片 ， 比 卧室 要 大 。,1,living room,客厅,,,,,,,,, 这时 客厅 的 图片 ， 比 卧室 要 大 。
220, house 共 两 个 卧室 ， 一 个 阁楼 。,1,house,住宅,,,,,,,,, 住宅共 两 个 卧室 ， 一 个 阁楼 。
221, house 厨房 ， 厕所 宽敞 明亮 。,1,house,住宅,,,,,,,,, 住宅 厨房 ， 厕所 宽敞 明亮 。
222, 户型 ： 一 楼 是 超大 living room ， dining room 及 厨房 ；,2,living room,客厅,dining room,餐厅,,,,,,, 户型 ： 一 楼 是 超大客厅 ， 餐厅及 厨房 ；
223, 二 楼 是 三 间 卧室 和 一 个 full 卫生间 ；,1,full,完全的,,,,,,,,, 二 楼 是 三 间 卧室 和 一 个完全的卫生间 ；
224, 长 租 all gone ！,1,all gone,全没了,,,,,,,,, 长 租 全没了 ！
225, room a$600 ( 双 人大 床 ） 已 租 ！,1,room,房间,,,,,,,,, 房间 a$600 ( 双 人大 床 ） 已 租 ！
226, 价格 ： $400 / 月 ( 包 所有 utilities 费用 ) 。,1,utilities,水电气,,,,,,,,, 价格 ： $400 / 月 ( 包 所有 水电气 费用 ) 。
227, update : 房间 皆 已 出租,1,update,更新,,,,,,,,, 更新 : 房间 皆 已 出租
228, 精装 修 家具 全 free 无线 上网 !,1,free,免费,,,,,,,,, 精装 修 家具 全免费无线 上网 !
229, 精装 修 、 家具 全 、 free 无线 上网 !,1,free,免费,,,,,,,,, 精装 修 、 家具 全 、免费无线 上网 !
230, oakland 的 干净 精致 好 房 您 不 能 错过 ！,1,oakland,奥克兰,,,,,,,,, 奥克兰 的 干净 精致 好 房 您 不 能 错过 ！
231, 附近 有 cvs 等 超市 。,1,cvs,超市名,,,,,,,,, 附近 有 cvs(超市名) 等 超市 。
232, 可以 直接 签 lease ， 无 押金 ， 需要 预付 第一 个 月 房租 。,1,lease,合同,,,,,,,,, 可以 直接 签合同 ， 无 押金 ， 需要 预付 第一 个 月 房租 。
233, utility : 自理 （ 约 60-100 / 月 ）,1,utility,水电气,,,,,,,,, 水电气 : 自理 （ 约 60-100 / 月 ）
234, 要求 爱 干净 ， 没有 不良 习惯 ， 喜欢 孩子 ， 女生 优先 ， christian 优先 。,1,christian,基督教徒,,,,,,,,, 要求 爱 干净 ， 没有 不良 习惯 ， 喜欢 孩子 ， 女生 优先 ，基督教徒优先 。
235, 房子 介绍 ： 两 室 两 厅 ， 一 个 full bathroom ， 明亮 宽敞 ， 两 室 两 厅 房 ， 拎包 入住 。,1,full bathroom,完整浴室,,,,,,,,, 房子 介绍 ： 两 室 两 厅 ， 一 个完整浴室， 明亮 宽敞 ， 两 室 两 厅 房 ， 拎包 入住 。
236, 房子 介绍 ： 两 室 两 厅 ， 一 个 full bathroom ， 明亮 宽敞 ， 两 室 两 厅 房 ， 拎包 入住 。,1,full bathroom,完整浴室,,,,,,,,, 房子 介绍 ： 两 室 两 厅 ， 一 个完整浴室 ， 明亮 宽敞 ， 两 室 两 厅 房 ， 拎包 入住 。
237, 出门 走 一 分钟 不到 就 有 81-83 bus 。,1,bus,公交,,,,,,,,, 出门 走 一 分钟 不到 就 有 81-83 公交 。
238, leasing office 就 在 lobby ， 员工 也 非常 好 ， 有 什么 问题 随时 可以 找 他们 沟通 解决 。,2,leasing office,负责租赁的办公室,lobby,大厅,,,,,,, 负责租赁的办公室 就 在大厅， 员工 也 非常 好 ， 有 什么 问题 随时 可以 找 他们 沟通 解决 。
239, ② 离 各 大 超市 近 （ giant eagle ；,1,giant eagle,大老鹰,,,,,,,,, ② 离 各 大 超市 近 （ 大老鹰 ；
240, ② 离 各 大 超市 近 （ giant eagle ；,1,giant eagle,大老鹰,,,,,,,,, ② 离 各 大 超市 近 （ 大老鹰 ；
241, 户型 ： 一 楼 是 超大 living room ， dining room 及 厨房 ；,2,living room,客厅,dining room,餐厅,,,,,,, 户型 ： 一 楼 是 超大客厅 ， 餐厅 及 厨房 ；
242, 二 楼 是 三 间 卧室 和 一 个 full 卫生间 ；,1,full,完整浴室,,,,,,,,, 二 楼 是 三 间 卧室 和 一 个完整的卫生间 ；
243, room a$600 ( 双 人大 床 ） 已 租 ！,1,room,房间,,,,,,,,, 房间 a$600 ( 双 人大 床 ） 已 租 ！
244, ） 公寓 情况 ： mozart 是 匹兹堡 的 大 物业 ， arlington 是 mozart 的 物业 总部 ， 物业 维修 都 很 方便 。,3,mozart,莫扎特,arlington,艾灵顿,mozart,莫扎特,,,,, ） 公寓 情况 ：莫扎特 是 匹兹堡 的 大 物业 ， 艾灵顿是 莫扎特的 物业 总部 ， 物业 维修 都 很 方便 。
245, 或 发 邮件 联系 ： [ url = ] em@13,1,url,统一资源定位符,,,,,,,,, 或 发 邮件 联系 ： [统一资源定位符= ] em@13
246, 环境 安静 ， apartments 评分 9.,1,apartments,公寓,,,,,,,,, 环境 安静 ， 公寓 评分 9.
247, 运动 方面 参加 pitt 射箭 队 ， 以及 会 一点 羽毛球 。,1,pitt,匹兹堡,,,,,,,,, 运动 方面 参加 匹兹堡射箭 队 ， 以及 会 一点 羽毛球 。
248, ［ 治安 ］ 附近 治安 好 ， 公寓 有 doorman ， 收发 快递 也 方便 。,1,doorman,门卫,,,,,,,,, ［ 治安 ］ 附近 治安 好 ， 公寓 有 门卫， 收发 快递 也 方便 。
249, 房子 在 bloom field bridge 旁边 。,1,bloom field bridge,布卢姆菲尔德桥,,,,,,,,, 房子 在 布卢姆菲尔德桥 旁边 。
250, lebanon ， 该 区 高中 在 滨州 公立 排名 第九 。,1,lebanon,黎巴嫩,,,,,,,,, 黎巴嫩， 该 区 高中 在 滨州 公立 排名 第九 。
251, 物业 ： walnut 专人 负责 各 种 维修 ， 非常 安心 ；,1,walnut,核桃,,,,,,,,, 物业 ：核桃资产 专人 负责 各 种 维修 ， 非常 安心 ；
252, 优点 ： 我 的 卧室 是 整 个 house 最 大 的 卧室 ， 两 扇 窗 采光 好 ， 冬天 暖气 也 很 足 ， 家具 齐全 ， 拎包 入住 ；,1,house,住宅,,,,,,,,, 优点 ： 我 的 卧室 是 整 个 住宅 最 大 的 卧室 ， 两 扇 窗 采光 好 ， 冬天 暖气 也 很 足 ， 家具 齐全 ， 拎包 入住 ；
253, 房租 lease 到 7.,1,lease,合同,,,,,,,,, 房租合同 到 7.
254, 地址 位 于 beacon st.,1,beacon,烽火,,,,,,,,, 地址 位 于烽火街.
255, 后院 有 私家 车库 ， beacon st .,1,beacon st,烽火街,,,,,,,,, 后院 有 私家 车库 ， 烽火街 .
256, 二 楼 是 三 间 卧室 和 一 个 full 的 卫生间 。,1,full,完整,,,,,,,,, 二 楼 是 三 间 卧室 和 一 个完整 的 卫生间 。
257, 三 楼 是 一 卧 一 卫 的 studio 。,1,studio,工作室,,,,,,,,, 三 楼 是 一 卧 一 卫 的 工作室。
258, up up up 顶 一下 。,1,up up up,顶顶顶,,,,,,,,, 顶顶顶 顶 一下 。
259, 八月 开始 可 签 一 年 lease 。,1,lease,合同,,,,,,,,, 八月 开始 可 签 一 年 合同 。
260, 性格 非常 nice 好 相处 ， 绝对 不 会 打扰 你 。,1,nice,好,,,,,,,,, 性格 非常 好， 好 相处 ， 绝对 不 会 打扰 你 。
261, 有 pet 可以 商量,1,pet,宠物,,,,,,,,, 有 宠物 可以 商量
262, walnut street 步行 15-20 mins ， 逛街 吃饭 超 方便,2,walnut street,核桃街,mins,分钟,,,,,,, 核桃街 步行 15-20 分钟 ， 逛街 吃饭 超 方便
263, house 里 现 住 有 六 人 ， 三 个 是 匹 大 研究生 .,1,house,住宅,,,,,,,,, 独栋住宅 里 现 住 有 六 人 ， 三 个 是 匹 大 研究生 .
264, 房东 非常 nice ， 有 需要 和 修理 会 马上 处理 。,1,nice,好,,,,,,,,, 房东 非常好 ， 有 需要 和 修理 会 马上 处理 。
265, 地处 squirrel hill ， 社区 安全 ， 步行 距离 可 达 中国 超市 ， 中国 餐馆 ， 超市 ， 方便 没有 车 的 同学 和 朋友 。,1,squirrel hill,松鼠山,,,,,,,,, 地处 松鼠山， 社区 安全 ， 步行 距离 可 达 中国 超市 ， 中国 餐馆 ， 超市 ， 方便 没有 车 的 同学 和 朋友 。
266, 物业 ： walnut 专人 负责 各 种 维修 ， 非常 安心 ；,1,walnut,核桃,,,,,,,,, 物业 ：核桃 专人 负责 各 种 维修 ， 非常 安心 ；
267, 联系 电话 or text ： 412-6518342 jane,2,or text,或者短信,jane,简,,,,,,, 联系 电话 或者短信 ： 412-6518342 jane
268, 有 attached 车库 可 用 。,1,attached,附属,,,,,,,,, 有 附属 车库 可 用 。
269, 安装 有 智能 panel ， 可以 远程 手机 调控 暖气 温度 和 开关 。,1,panel,面板,,,,,,,,, 安装 有 智能 面板 ， 可以 远程 手机 调控 暖气 温度 和 开关 。
270, 【 车库 】 ： attached 车库 。,1,attached,附属的,,,,,,,,, 【 车库 】 ：附属的车库 。
271, 【 bonus 】 : 房东 在 google 工作 ， 可以 内 推 加 mock interview,3,bonus,福利,google,谷歌,mock interview,模拟面试,,,,, 【 福利】 : 房东 在谷歌 工作 ， 可以 内 推 加 模拟面试
272, 长 租 ： all gone,1,all gone,全没了,,,,,,,,, 长 租 ：全没了
273, 后院 《 ——————————————————————————————— 》 deck,1,deck,阳台,,,,,,,,, 后院 《 ——————————————————————————————— 》 阳台
274, 【 学习 娱乐 】 ： finished basement .,1,finished basement,完整的地下室,,,,,,,,, 【 学习 娱乐 】 ：完整的地下室 .
275, 【 bonus 】 : 房东 在 google 工作 ， 可以 内 推 加 mock interview,3,bonus,福利,google,谷歌,mock interview,模拟面试,,,,, 【福利】 : 房东 在谷歌 工作 ， 可以 内 推 加模拟面试
276, main floor 格局 《 ——————————————————————————— 》 走廊,1,main floor,主楼,,,,,,,,, 主楼格局 《 ——————————————————————————— 》 走廊
277, 水晶 吊灯 《 —————————————————————— 》 楼梯 to downstairs,1,to downstairs,去楼下,,,,,,,,, 水晶 吊灯 《 —————————————————————— 》 楼梯 去楼下
278, 材料 是 cedar 。,1,cedar,杉树,,,,,,,,, 材料 是 cedar 。
279, 地下室 《 game room and study room 》 《 ———————————— 》 外观,1,game room and study room,游戏厅和学习室,,,,,,,,, 地下室 《 游戏厅和学习室》 《 ———————————— 》 外观
280, 每个 房间 都 有 closet ， 图 中 黄色 部分 是 closet .,2,closet,衣橱,closet,衣橱,,,,,,, 每个 房间 都 有 衣橱 ， 图 中 黄色 部分 是 衣橱 .
281, 房东 在 google 工作 ， 可以 内 推 加 mock interview,2,google,谷歌,mock interview,模拟面试,,,,,,, 房东 在谷歌工作 ， 可以 内 推 加 模拟面试
282, 如果 感 兴趣 ， 请 通过 email 联系 em@11,1,email,电子邮件,,,,,,,,, 如果 感 兴趣 ， 请 通过 电子邮件 联系 em@11
283, 如果 感 兴趣 ， 请 通过 email 联系 em@11,1,email,电子邮件,,,,,,,,, 如果 感 兴趣 ， 请 通过 电子邮件 联系 em@11
284, 小区 居民 是 学生 和 年轻 学者 ， 学校 的 shuttle 从 门前 经过 ， 而且 很多 。,1,shuttle,摆渡车,,,,,,,,, 小区 居民 是 学生 和 年轻 学者 ， 学校 的摆渡车从 门前 经过 ， 而且 很多 。
285, 出门 走 一 分钟 不到 就 有 81-83 bus 。,1,bus,公交,,,,,,,,, 出门 走 一 分钟 不到 就 有 81-83 公交 。
286, leasing office 就 在 lobby ， 员工 也 非常 好 ， 有 什么 问题 随时 可以 找 他们 沟通 解决 。,2,leasing office,负责租赁的办公室,lobby,大厅,,,,,,, 负责租赁的办公室 就 在 大厅， 员工 也 非常 好 ， 有 什么 问题 随时 可以 找 他们 沟通 解决 。
287, 地点 ： oakland ;,1,oakland,奥克兰,,,,,,,,, 地点 ：奥克兰 ;
288, 联系 方式 : email : em@14,1,email,电子邮件,,,,,,,,, 联系 方式 : 电子邮件 : em@14
289, 该 公寓 是 匹兹堡 最 火 的 公寓 ， 口碑 物业 meyers 旗下 最 受 中国 学生 欢迎 的 公寓 ， 性价比 高 。,1,meyers,迈耶斯,,,,,,,,, 该 公寓 是 匹兹堡 最 火 的 公寓 ， 口碑 物业 迈耶斯 旗下 最 受 中国 学生 欢迎 的 公寓 ， 性价比 高 。
290, 门口 有 bus 到 中国 超市 ， 餐馆 和 downtown .,2,bus,公交,downtown,市区,,,,,,, 门口 有 公交 到 中国 超市 ， 餐馆 和 市区 .
291, 公寓 门口 可以 street parking 。,1,street parking,路边停车,,,,,,,,, 公寓 门口 可以 路边停车。
292, lebanon ， 该 区 高中 在 滨州 公立 排名 第九 。,1,lebanon,黎巴嫩,,,,,,,,, 黎巴嫩 ， 该 区 高中 在 滨州 公立 排名 第九 。
293, 门口 有 bus 到 中国 超市 ， 餐馆 和 downtown .,2,bus,公交,downtown,市区,,,,,,, 门口 有 公交 到 中国 超市 ， 餐馆 和 市区 .
294, 装修 好 的 single family house 在 forest hills ， 小区 环境 优美 ， 步行 3-5 分钟 有 两 个 公园 。,2,single family house,单个家庭住宅,forest hills,森林山,,,,,,, 装修 好 的单个家庭住宅 在 森林山 ， 小区 环境 优美 ， 步行 3-5 分钟 有 两 个 公园 。
295, 有意 请 email ： em@15,1,email,电子邮件,,,,,,,,, 有意 请 电子邮件 ： em@15
296, 地处 greenfield ， 周围 环境 安静 ， 邻里 和睦 ， 非常 安全,1,greenfield,格林菲尔德,,,,,,,,, 地处 格林菲尔德 ， 周围 环境 安静 ， 邻里 和睦 ， 非常 安全
297, 门口 有 bus 到 中国 超市 ， 餐馆 和 downtown .,2,bus,公交,downtown,市区,,,,,,, 门口 有 公交 到 中国 超市 ， 餐馆 和市区 .
298, 价格 ： $300 / 月 + utilities 费用 。,1,utilities,水电气,,,,,,,,, 价格 ： $300 / 月 + 水电气 费用 。
299, rich neighborhood ， 非常 安全 ， 旁边 就 是 公园 ， 环境 很 好 很 安静 。,1,rich neighborhood,富人区,,,,,,,,, 富人区， 非常 安全 ， 旁边 就 是 公园 ， 环境 很 好 很 安静 。
300, trader joe's 和 target 更 是 在 步行 范围 内 。,2,trader,交易员,target,塔吉特,,,,,,, 缺的舅 和 塔吉特 更 是 在 步行 范围 内 。
301, 非常 便利 的 位置 ， 适合 summer,1,summer,暑假,,,,,,,,, 非常 便利 的 位置 ， 适合 暑假
302, 【 吃 货 福音 】 附近 有 sichuan gourmet ， 台湾 味 ， every day noodle ， 各 种 小吃 ， 以及 中 超 panda ， giant eagle 。,4,sichuan gourmet,府河人家,every day noodle,天天 见面 ,panda,熊猫,giant eagle,大老鹰,,, 【 吃 货 福音 】 附近 有 府河人家 ， 台湾 味 ， 天天 见面  ， 各 种 小吃 ， 以及 中 超 熊猫 ， 大老鹰 。
303, 物业 是 mozart ， 房间 维修 处理 非常 及时 。,1,mozart,莫扎特,,,,,,,,, 物业 是 莫扎特 ， 房间 维修 处理 非常 及时 。
304, utility : 自理 （ 约 70-100 / 月 ）,1,utility,水电气,,,,,,,,, 水电气 : 自理 （ 约 70-100 / 月 ）
305, 门口 有 bus 到 中国 超市 ， 餐馆 和 downtown .,2,bus,公交,downtown,市区,,,,,,, 门口 有 公交 到 中国 超市 ， 餐馆 和 市区.
306, 有意 者 可 联系 ， 电话 pn-8 或 pn-9 ， email ： em@16,1,email,电子邮件,,,,,,,,, 有意 者 可 联系 ， 电话 pn-8 或 pn-9 ， 电子邮箱 ： em@16
307, 附近 有 giant eagle ， trader joe ' s 以及 target ， 步行 十 分钟 便 可 到达 ， 生活 上 也 十分 方便 。,4,giant eagle,大老鹰,trader joe,缺德舅,s,s,target,塔吉特,,, 附近 有 大老鹰 ， 缺德舅 以及 塔吉特 ， 步行 十 分钟 便 可 到达 ， 生活 上 也 十分 方便 。
308, 门口 有 bus 到 中国 超市 ， 餐馆 和 downtown .,2,bus,公交,downtown,市区,,,,,,, 门口 有 公交 到 中国 超市 ， 餐馆 和 市区.
309, 简单 介绍 一下 oak hill apt ！,1,oak hill apt,橡树山公寓,,,,,,,,, 简单 介绍 一下 橡树山公寓 ！
310, apt 隶属 franklin west 旗下 ， 物业 管理 良好 ， 有 任何 问题 能 快速 免费 解决 。,2,apt,公寓,franklin west,西富兰克林,,,,,,, 公寓 隶属西富兰克林 旗下 ， 物业 管理 良好 ， 有 任何 问题 能 快速 免费 解决 。
311, 附近 超市 有 whole foods ， target ， giant eagle ， trader joe ， 都 是 走路 十 分钟 左右 。,4,whole foods,全食,target,塔吉特,giant eagle,大老鹰,trader joe,缺德舅,,, 附近 超市 有 全食 ， 塔吉特 ， 大老鹰 ， 缺德舅 ， 都 是 走路 十 分钟 左右 。
312, 还有 很多 知名 餐厅 ， 例如 noodle head ， spoon 等等 ， 吃喝 不 愁 。,2,noodle head,面头,spoon,勺子,,,,,,, 还有 很多 知名 餐厅 ， 例如 面头 ， 勺子 等等 ， 吃喝 不 愁 。
313, manager 非常 好 说话 ；,1,manager,物管,,,,,,,,, 物管 非常 好 说话 ；
314, 现在 房间 还 是 available,1,available,有效,,,,,,,,, 现在 房间 还 是有效
315, 欢迎 查询 ： email : em@17,1,email,电子邮件,,,,,,,,, 欢迎 查询 ： 电子邮箱 : em@17
316, 有 pet 可以 商量,1,pet,宠物,,,,,,,,, 有 宠物可以 商量
317, 门口 有 bus 到 中国 超市 ， 餐馆 和 downtown .,2,bus,公交,downtown,市区,,,,,,, 门口 有 公交 到 中国 超市 ， 餐馆 和 市区 .
318, 大家 一起 share 厨房 。,1,share,共享,,,,,,,,, 大家 一起 共享 厨房 。
319, 我 是 刚 毕业 没 多久 的 young professional ， 安静 好 相处 ， 会 居家 也 爱 出去 浪 。,1,young professional,年轻教授,,,,,,,,, 我 是 刚 毕业 没 多久 的 年轻教授， 安静 好 相处 ， 会 居家 也 爱 出去 浪 。
320, 房间 full size 床 非常 舒适 。,1,full size,全尺寸大小,,,,,,,,, 房间 全尺寸大小床 非常 舒适 。
321, 租户 仅限 gg mm 不 可以,1,gg mm,哥哥妹妹,,,,,,,,," ""租户 仅限 哥哥"
322, 门口 有 bus 到 中国 超市 ， 餐馆 和 downtown .,2,bus,公交,downtown,市区,,,,,,, 门口 有 公交 到 中国 超市 ， 餐馆 和 市区 .
323, 门口 有 bus 到 中国 超市 ， 餐馆 和 downtown .,2,bus,公交,downtown,市区,,,,,,, 门口 有 公交 到 中国 超市 ， 餐馆 和 市区 .
324, 如果 感 兴趣 ， 请 通过 email 联系 em@11,1,email,电子邮件,,,,,,,,, 如果 感 兴趣 ， 请 通过 电子邮件 联系 em@11
325, 房型 ： 非常 新 的 house,1,house,住宅,,,,,,,,, 房型 ： 非常 新 的 独栋住宅
326, 有 pet 可以 商量,1,pet,宠物,,,,,,,,, 有 宠物可以 商量
327, 从 「 现在 」 开始 租 ， 直接 和 manager 签 合同 ！,1,manager,经理,,,,,,,,, 从 「 现在 」 开始 租 ， 直接 和经理 签 合同 ！
328, 地处 greenfield ， 周围 环境 安静 ， 邻里 和睦 ， 非常 安全,1,greenfield,格林菲尔德,,,,,,,,, 地处 格林菲尔德 ， 周围 环境 安静 ， 邻里 和睦 ， 非常 安全
329, 有意 者 可 联系 ， 电话 pn-8 或 pn-9 ， email ： em@16,1,email,电子邮件,,,,,,,,, 有意 者 可 联系 ， 电话 pn-8 或 pn-9 ， 电子邮件 ： em@16
330, 门口 有 bus 到 中国 超市 ， 餐馆 和 downtown .,2,bus,公交,downtown,市区,,,,,,, 门口 有 公交 到 中国 超市 ， 餐馆 和 市区 .
331, 门口 有 bus 到 中国 超市 ， 餐馆 和 downtown .,2,bus,公交,downtown,市区,,,,,,, 门口 有 公交 到 中国 超市 ， 餐馆 和 市区 .
332, 门口 有 bus 到 中国 超市 ， 餐馆 和 downtown .,2,bus,公交,downtown,市区,,,,,,, 门口 有 公交 到 中国 超市 ， 餐馆 和 市区 .
333, 门口 有 bus 到 中国 超市 ， 餐馆 和 downtown .,2,bus,公交,downtown,市区,,,,,,, 门口 有 公交 到 中国 超市 ， 餐馆 和 市区 .
334, up up up 保持 关注 哦,1,up up up,顶顶顶,,,,,,,,, 顶顶顶保持 关注 哦
335, 房型 ： house,1,house,住宅,,,,,,,,, 房型 ： 独栋住宅
336, 有 pet 可以 商量,1,pet,宠物,,,,,,,,, 有宠物可以 商量
337, 房东 也 很 nice 。,1,nice,好,,,,,,,,, 房东 也 很 好。
338, 房子 共 三 层 ， 出租 的 是 二 楼 的 bedroom ， 二 楼 有 独立 厨房 和 卫生间 。,1,bedroom,卧室,,,,,,,,, 房子 共 三 层 ， 出租 的 是 二 楼 的 卧室 ， 二 楼 有 独立 厨房 和 卫生间 。
339, 五 分钟 步行 到 54，71ac 车站 ， 周边 有 giant eagle ， cvs ， dollar general ， whole foods 等 超市 ， 生活 条件 便利 。,4,giant eagle,大老鹰,cvs,超市名,dollar general,达乐公司,whole foods,全食,,, 五 分钟 步行 到 54，71ac 车站 ， 周边 有 大老鹰 ， cvs(超市名) ， dollar general ， whole foods 等 超市 ， 生活 条件 便利 。
340, 房租 是 $500 ， 包 水电 暖 网 以及 你 能 想到 的 一切 ， 房东 夫妇 人 非常 nice ， 有 什么 问题 随时 可以 给 他们 打 电话 求助 。,1,nice,好,,,,,,,,, 房租 是 $500 ， 包 水电 暖 网 以及 你 能 想到 的 一切 ， 房东 夫妇 人 非常好 ， 有 什么 问题 随时 可以 给 他们 打 电话 求助 。
341, 房子 离 frick park 仅 两 个 block ， 去 公园 里 运动 非常 方便 。,2,frick park,弗里克公园,block,街区,,,,,,, 房子 离 弗里克公园仅 两 个 街区 ， 去 公园 里 运动 非常 方便 。
342, 简单 介绍 一下 oak hill apt ！,1,oak hill apt,橡树山公寓,,,,,,,,, 简单 介绍 一下橡树山公寓！
343, 地处 greenfield ， 周围 环境 安静 ， 邻里 和睦 ， 非常 安全,1,greenfield,格林菲尔德,,,,,,,,, 地处 格林菲尔德， 周围 环境 安静 ， 邻里 和睦 ， 非常 安全
344, 距离 cvs 5-10 分钟 ；,1,cvs,超市名,,,,,,,,, 距离 cvs(超市名) 5-10 分钟 ；
345, 门口 有 bus 到 中国 超市 ， 餐馆 和 downtown .,2,bus,公交,downtown,市区,,,,,,, 门口 有 公交 到 中国 超市 ， 餐馆 和 市区 .
346, 楼层 高度 适中 ， 背 对 north craig st 。,1,north craig st,北克列戈街,,,,,,,,, 楼层 高度 适中 ， 背 对 北克列戈街 。
347, 晚上 ， 有 学校 escort 直达 门口 。,1,escort,护送车,,,,,,,,, 晚上 ， 有 学校 护送车 直达 门口 。
348, 户型 ： 一 楼 是 超大 living room ， dining room 及 厨房 ；,2,living room,客厅,dining room,餐厅,,,,,,, 户型 ： 一 楼 是 超大 客厅 ，餐厅及 厨房 ；
349, up 一下 up up up up,2,up,顶,up up up up,顶顶顶顶,,,,,,, 顶 一下顶顶顶顶
350, up 一下 up up up,2,up,顶,up up up,顶顶顶顶,,,,,,, 顶 一下 顶顶顶顶
351, 房子 位于 greenfield ave ， 紧邻 giant eagle and murry ave.,2,greenfield ave,格林菲尔德街,giant eagle and murry,大老鹰和默理,,,,,,, 房子 位于 格林菲尔德街， 紧邻 大老鹰 和默理街.
352, 地处 north oakland ， 周围 安全,1,north oakland,北,,,,,,,,, 地处 北奥克兰 ， 周围 安全
353, 门口 有 bus 到 中国 超市 ， 餐馆 和 downtown .,2,bus,公交,downtown,市区,,,,,,, 门口 有 公交 到 中国 超市 ， 餐馆 和市区 .
354, 门口 有 bus 到 中国 超市 ， 餐馆 和 downtown .,2,bus,公交,downtown,市区,,,,,,, 门口 有 公交 到 中国 超市 ， 餐馆 和市区 .
355, + 公寓 附近 环境 安全 安静 ， office 就 在 公寓 旁边 ， 有 事 可 及时 解决 。,1,office,办公室,,,,,,,,, 公寓 附近 环境 安全 安静 ， 办公室 就 在 公寓 旁边 ， 有 事 可 及时 解决 。
356, + 公寓 家具 齐全 ， 客厅 很 大 活动 区域 广 ， 有 空调 暖气 ， 出租 的 卧室 宽敞 有 阳光 ， 有 walk-in closet ， 家具 低价 打包 接手 ， 可 拎包 入住 ！,1,closet,衣橱,,,,,,,,, 公寓 家具 齐全 ， 客厅 很 大 活动 区域 广 ， 有 空调 暖气 ， 出租 的 卧室 宽敞 有 阳光 ， 有 walk-in 壁橱 ， 家具 低价 打包 接手 ， 可 拎包 入住 ！
357, 所有 想 寄 想 return 的 东西 ， 直接 放在 公寓 一 楼 就 可以 。,1,return,送回,,,,,,,,, 所有 想 寄 想 送回 的 东西 ， 直接 放在 公寓 一 楼 就 可以 。
358, 免费 送 顶楼 view 和 顶楼 的 阳光 普照 !,1,view,风景,,,,,,,,, 免费 送 顶楼 风景和 顶楼 的 阳光 普照 !
359, 附近 有 sichuan gourmet ， 台湾 味 ， every day noodle ， 各 种 小吃 ， 以及 中 超 panda ， giant eagle 。,4,sichuan gourmet,府河人家,every day noodle,天天 见面 ,panda,熊猫,giant eagle,大老鹰,,, 附近 有 府河人家 ， 台湾 味 ，天天 见面 ， 各 种 小吃 ， 以及 中 超 熊猫， 大老鹰 。
360, 步行 五 分钟 有 whole food 。,1,whole food,全食,,,,,,,,, 步行 五 分钟 有 全食。
361, 门口 有 bus 到 中国 超市 ， 餐馆 和 downtown .,2,bus,公交,downtown,市区,,,,,,, 门口 有 公交 到 中国 超市 ， 餐馆 和 市区 .
362, 门口 有 bus 到 中国 超市 ， 餐馆 和 downtown .,2,bus,公交,downtown,市区,,,,,,, 门口 有 公交 到 中国 超市 ， 餐馆 和 市区 .
363, 环境 ： 住宅 街区 ， free parking 。,1,free parking,免费停车,,,,,,,,, 环境 ： 住宅 街区 ， 免费停车 。
364, 房型 ： house 非常 新 ， 装 修好,1,house,住宅,,,,,,,,, 房型 ： 独栋住宅 非常 新 ， 装 修好
365, 如 有 需要 可 免费 提供 bedding set ， 餐具 厨具,1,bedding set,床上用品,,,,,,,,, 如 有 需要 可 免费 提供 床上用品 ， 餐具 厨具
366, 上学 或是 去 giant eagle/cvs / whole foods 等 地 grocery shopping 都 很 便利 。,3,giant,大,whole foods,全食,grocery shopping,副食店,,,,, 上学 或是 去 大老鹰/cvs（超市名） /全食 等 地副食店 都 很 便利 。
367, 全新 的 宜家 买 的 full size 的 床 和 书桌 柜子 ， 房间 内 有 closet 。,2,full size,全尺寸大小,closet,衣橱,,,,,,, 全新 的 宜家 买 的全尺寸大小的 床 和 书桌 柜子 ， 房间 内 有 衣橱 。
368, 晚上 还有 escort 直达 公寓 门口 。,1,escort,护送车,,,,,,,,, 晚上 还有护送车直达 公寓 门口 。
369, word 天 今天 有 人 联系 我 了 ！,1,word,我的,,,,,,,,, 我的天 今天 有 人 联系 我 了 ！
370, lobby 有 单独 的 放 快递 的 房间 ， 不 怕 包裹 丢失 ， 非常 贴心 。,1,lobby,大厅,,,,,,,,, 大厅 有 单独 的 放 快递 的 房间 ， 不 怕 包裹 丢失 ， 非常 贴心 。
371, 门口 有 bus 到 中国 超市 ， 餐馆 和 downtown .,2,bus,公交,downtown,市区,,,,,,, 门口 有 公交 到 中国 超市 ， 餐馆 和 市区 .
372, 门口 有 bus 到 中国 超市 ， 餐馆 和 downtown .,2,bus,公交,downtown,市区,,,,,,, 门口 有 公交 到 中国 超市 ， 餐馆 和 市区.
373, usp = sharing 国内 的 朋友 可以 联系 我 打包 图片 发给 你 ~,2,usp,need to translate,sharing,分享,,,,,,, usp = sharing 国内 的 朋友 可以 联系 我 打包 图片 发给 你 ~
374, 楼层 高度 适中 ， 背 对 north craig st 。,1,north craig st,北克列戈街,,,,,,,,, 楼层 高度 适中 ， 背 对 北克列戈街 。
375, 楼层 高度 适中 ， 背 对 north craig st 。,1,north craig st,北克列戈街,,,,,,,,, 楼层 高度 适中 ， 背 对北克列戈街 。
376, 940$ / 月 ， 水电 煤 暖气 全 包 ， 楼 下 有 parking lot 免费 停车 。,1,parking lot,停车场,,,,,,,,, 940$ / 月 ， 水电 煤 暖气 全 包 ， 楼 下 有停车场免费 停车 。
377, 小区 环境 安静 ： 有 多 处 playground ， 很 适合 家庭 居住 。,1,playground,操场,,,,,,,,, 小区 环境 安静 ： 有 多 处操场， 很 适合 家庭 居住 。
378, 门口 有 bus 到 中国 超市 ， 餐馆 和 downtown .,2,bus,公交,downtown,市区,,,,,,, 门口 有 公交 到 中国 超市 ， 餐馆 和市区 .
379, 地点 ： central oakland 匹 大校 区内,1,central oakland,中奥克兰,,,,,,,,, 地点 ： 中奥克兰匹 大校 区内
380, 环境 ： 住宅 街区 ， street parking 。,1,street parking,路边停车,,,,,,,,, 环境 ： 住宅 街区 ，路边停车。
381, 房型 ： house,1,house,住宅,,,,,,,,, 房型 ： 独栋住宅
382, 有 pet 可以 商量,1,pet,宠物,,,,,,,,, 有 宠物 可以 商量
383, 请 备注 “ 租房 ” screen shot 2017-10-17 at 13.,2,screen shot,截屏,at,在,,,,,,, 请 备注 “ 租房 ”截屏 2017-10-17 在 13.
384, 联系 电话 or text ： 412-6518342 jane,2,or text,或者短信,jane,jane,,,,,,, 联系 电话 或者短信 ： 412-6518342 jane
385, 长方形 带 走廊 房间 （ 走廊 带 closet ）,1,closet,衣橱,,,,,,,,, 长方形 带 走廊 房间 （ 走廊 带 衣橱 ）
386, 在 shady ave.,1,shady,沙迪,,,,,,,,, 在 沙迪街.
387, 和 walnut st .,1,walnut st,核桃街,,,,,,,,, 和核桃街
388, 此 消息 作废 我 没 看见 怎么 删除 sorry,1,sorry,对不起,,,,,,,,, 此 消息 作废 我 没 看见 怎么 删除对不起
389, clair 医院 和 mt lebanon 公园 。,2,clair,克莱尔,mt lebanon,黎巴嫩山,,,,,,, 克莱尔医院 和 黎巴嫩山 公园 。
390, 地址 在 ： squirrel hill murray avenue 上,1,squirrel hill murray avenue,松鼠默里街,,,,,,,,, 地址 在 ： 松鼠默里街上
391, 房型 ： house 分 三 层 ， 每 层 独立 ， 互 不 影响 。,1,house,住宅,,,,,,,,, 房型 ： 独栋住宅分 三 层 ， 每 层 独立 ， 互 不 影响 。
392, 房型 ： house 分 三 层 ， 每 层 独立 ， 互 不 影响 。,1,house,住宅,,,,,,,,, 房型 ： 独栋住宅分 三 层 ， 每 层 独立 ， 互 不 影响 。
393, 欢迎 text ， 不 能 时时 接 电话 。,1,text,短信,,,,,,,,, 欢迎短信， 不 能 时时 接 电话 。
394, house 概况 ： 地上 两 层 、 地下 一 层 ；,1,house,住宅,,,,,,,,, 独栋住宅 概况 ： 地上 两 层 、 地下 一 层 ；
395, webster hall 是 老牌 公寓 了 ， 口碑 好 而且 没有 刚 装修 的 异味,1,webster hall,韦伯斯特大厅,,,,,,,,, 韦伯斯特大厅是 老牌 公寓 了 ， 口碑 好 而且 没有 刚 装修 的 异味
396, craig street 上 还有 很多 吃 的 和 韩国 小 超市,1,craig street,克列戈街,,,,,,,,, 克列戈街上 还有 很多 吃 的 和 韩国 小 超市
397, 地点 ： central oakland,1,central oakland,中奥克兰,,,,,,,,, 地点 ： 中奥克兰
398, 环境 ： 住宅 街区 ， street parking 。,1,street parking,路边停车,,,,,,,,, 环境 ： 住宅 街区 ，路边停车 。
399, 房型 ： house,1,house,住宅,,,,,,,,, 房型 ：  独栋住宅
400, 欢迎 email 咨询,1,email,电子邮件,,,,,,,,, 欢迎 电子邮件 咨询
401, 房间 内 各 种 用具 桌子 都 有 ， closet 很 大 ， 客厅 和 卧室 的 独立 性 相当 ， 空间 也 很 大 ， 只 需要 一 个 床 即 可 。,1,closet,衣橱,,,,,,,,, 房间 内 各 种 用具 桌子 都 有 ， 衣橱 很 大 ， 客厅 和 卧室 的 独立 性 相当 ， 空间 也 很 大 ， 只 需要 一 个 床 即 可 。
402, 每 个 房间 也 可以 单独 出租 ， 租金 在 $650-$700 ， 这个 租金 包含 了 所有 utilities 。,1,utilities,水电气,,,,,,,,, 每 个 房间 也 可以 单独 出租 ， 租金 在 $650-$700 ， 这个 租金 包含 了 所有 水电气。
403, 五六 分钟 可以 走到 murray 大街 的 giant eagle ( giant eagle 是 最 大 的 食品 超级 市场 ) 家具 齐全 ，,3,murray,默里,giant eagle,大老鹰,giant eagle,大老鹰,,,,, 五六 分钟 可以 走到默里大街 的 大老鹰 ( 大老鹰 是 最 大 的 食品 超级 市场 ) 家具 齐全 ，
404, 地处 greenfield ， 周围 环境 安静 ， 邻里 和睦 ， 非常 安全,1,greenfield,格林菲尔德,,,,,,,,, 地处 格林菲尔德 ， 周围 环境 安静 ， 邻里 和睦 ， 非常 安全
405, 房间 内 各 种 用具 桌子 都 有 ， closet 很 大 ， 客厅 和 卧室 的 独立 性 相当 ， 空间 也 很 大 ， 只 需要 一 个 床 即 可 。,1,closet,衣橱,,,,,,,,, 房间 内 各 种 用具 桌子 都 有 ， 衣橱 很 大 ， 客厅 和 卧室 的 独立 性 相当 ， 空间 也 很 大 ， 只 需要 一 个 床 即 可 。
406, 门口 有 bus 到 中国 店 等 。,1,bus,公交,,,,,,,,, 门口 有 公交 到 中国 店 等 。
407, 要求 ： security deposit ， 爱 整洁 ， 有 责任感,1,security deposit,保证金,,,,,,,,, 要求 ： 保证金 ， 爱 整洁 ， 有 责任感
408, 联系 电话 or text ： 412-6518342 jane,2,or text,或者短信,jane,简,,,,,,, 联系 电话或者短信 ： 412-6518342 jane
409, 门口 有 bus 到 中国 店 等 。,1,bus,公交,,,,,,,,, 门口 有 公交 到 中国 店 等 。
410, 要求 ： security deposit ， 爱 整洁 ， 有 责任感,1,security deposit,保证金,,,,,,,,, 要求 ：保证金 ， 爱 整洁 ， 有 责任感
411, 地点 ： oakland ;,1,oakland,奥克兰,,,,,,,,, 地点 ： 奥克兰 ;
412, prefer ： 研究生 或 博士生,1,prefer,较为喜欢,,,,,,,,, 倾向于 ： 研究生 或 博士生
413, 公寓 是 服务 很 好 搭 forbes management 的 财产 。,1,forbes management,福布斯物业,,,,,,,,, 公寓 是 服务 很 好 搭 福布斯物业的 财产 。
414, 全新 的 宜家 买 的 twin size 的 床 和 书桌 柜子 ， 房间 内 有 closet 。,2,twin size,小号床,closet,衣橱,,,,,,, 全新 的 宜家 买 的 小号 的 床 和 书桌 柜子 ， 房间 内 有 衣橱 。
415, 公寓 的 管理 非常 好 ， 有 一 个 doorman ， 每 天 出入 公寓 会 给 住户 开门 ！,1,doorman,门卫,,,,,,,,, 公寓 的 管理 非常 好 ， 有 一 个 门卫， 每 天 出入 公寓 会 给 住户 开门 ！
416, whole foods 是 我 去 的 最 频繁 的 超市 ， 因为 里边 只 卖 有机 食品 ， 质量 有 保证 。,1,whole foods,全食,,,,,,,,, 全食 是 我 去 的 最 频繁 的 超市 ， 因为 里边 只 卖 有机 食品 ， 质量 有 保证 。
417, 欢迎 感兴趣 的 妹子 联系 我 拿 floor plan 和 各 种 房子 图片 ~,1,floor plan,平面图,,,,,,,,, 欢迎 感兴趣 的 妹子 联系 我 拿 平面图 和 各 种 房子 图片 ~
418, 距离 大 超市 giant eagle 很 近 ， 周围 有 超 多 饭馆 （ 包括 中餐 ） ， 还有 银行 等 。,1,giant eagle,大老鹰,,,,,,,,, 距离 大 超市 大老鹰 很 近 ， 周围 有 超 多 饭馆 （ 包括 中餐 ） ， 还有 银行 等 。
419, 暖气 是 用 gas 的 ， 不用 担心,1,gas,气,,,,,,,,, 暖气 是 用气 的 ， 不用 担心
420, 欢迎 text ， 不 能 时时 接 电话 。,1,text,短信,,,,,,,,, 欢迎短信， 不 能 时时 接 电话 。
421, 步行 距离 去 美国 超市 （ giant eagle ） 和 中国 超市 （ panda supermarket ）,2,giant eagle,大老鹰,panda supermarket,熊猫超市,,,,,,, 步行 距离 去 美国 超市 （ 大老鹰 ） 和 中国 超市 （ 熊猫超市）
422, 如 感 兴趣 ， 请 发 邮件 : yan em@18,1,yan,严,,,,,,,,, 如 感 兴趣 ， 请 发 邮件 : yan em@18
423, 地点 ： north oakland/shadyside,1,north,北,,,,,,,,, 地点 ： 北奥克兰/沙迪
424, 房型 ： house 有 院子,1,house,住宅,,,,,,,,, 房型 ： 独栋住宅 有 院子
425, 欢迎 email 咨询,1,email,电子邮件,,,,,,,,, 欢迎 电子邮件 咨询
426, 位 于 north craig st 上 的 两 室 一 厅 公寓 招租 ， 长 租 优先 ， 长短 租 均 可 。,1,north craig st,北克列戈街,,,,,,,,, 位 于 北克列戈街 上 的 两 室 一 厅 公寓 招租 ， 长 租 优先 ， 长短 租 均 可 。
427, 来回 都 没有 traffic .,1,traffic,交通,,,,,,,,, 来回 都 没有交通 .
428, 公寓 有 off street parking 且 允许 养 宠物 。,1,off street parking,露天停车,,,,,,,,, 公寓 有 露天停车 且 允许 养 宠物 。
429, 小区 居民 是 匹 大学生 和 年轻 学者 以及 美国 白人 等 ， 学校 的 shuttle 从 门前 经过 。,1,shuttle,摆渡车,,,,,,,,, 小区 居民 是 匹 大学生 和 年轻 学者 以及 美国 白人 等 ， 学校 的 摆渡车 从 门前 经过 。
430, 户型 ： 一 楼 是 超大 living room ， dining room 及 厨房 ；,2,living room,客厅,dining room,餐厅,,,,,,, 户型 ： 一 楼 是 超大客厅 ， 餐厅 及 厨房 ；
431, 二 楼 是 三 间 卧室 和 一 个 full 的 卫生间 。,1,full,完整,,,,,,,,, 二 楼 是 三 间 卧室 和 一 个 完整的 卫生间 。
432, 三 楼 是 一 卧 一 卫 的 studio 。,1,studio,工作室,,,,,,,,, 三 楼 是 一 卧 一 卫 的工作室。
433, 须 直接 和 物业 联系 ， 具体 公寓 信息 和 联系 方式 可 搜索 ： mozart cavendish apartment 房间 名称 ： latimer,2,mozart cavendish apartment,莫扎特卡文迪许公寓,latimer,拉蒂默,,,,,,, 须 直接 和 物业 联系 ， 具体 公寓 信息 和 联系 方式 可 搜索 ：莫扎特卡文迪许公寓 房间 名称 ：拉蒂默
434, 步行 距离 至 mellon park ， bakery square （ shopping ， dinner ， etc ）,5,mellon park,美伦公园,bakery square,面板广场,shopping,购物,dinner,晚餐,etc,等, 步行 距离 至 美伦公园 ， 面板广场 （ 购物，晚餐，等）
435, 如果 你 想 看 更多 图片 或 了解 更 多 信息 ， 也 可以 在 联系 物业 前 和 我 联系 ， 我 会 提供 更 多 个 人 的 居住 体验 ， tips ， 或是 公寓 更 多 细节 。,1,tips,忠告,,,,,,,,, 如果 你 想 看 更多 图片 或 了解 更 多 信息 ， 也 可以 在 联系 物业 前 和 我 联系 ， 我 会 提供 更 多 个 人 的 居住 体验 ，忠告， 或是 公寓 更 多 细节 。
436, 电话 ： pn-10 （ text first ）,1,text first,短信优先,,,,,,,,, 电话 ： pn-10 （短信优先 ）
437, 如 感 兴趣 ， 请 发 邮件 : yan em@18,1,yan,严,,,,,,,,, 如 感 兴趣 ， 请 发 邮件 : yan em@18
438, 可以 share 大部分 家用 电器 ， 厨房 用品 ， 家具 等 。,1,share,共享,,,,,,,,, 可以 共享大部分 家用 电器 ， 厨房 用品 ， 家具 等 。
439, 地点 在 murray ave.,1,murray,默里,,,,,,,,, 地点 在 默里街.
440, 另有 全套 基本 家具 （ full size 床 / 书桌 / 柜子 / 空调 ） 如 需要 可 低价 转让 。,1,full size,全尺寸大小,,,,,,,,, 另有 全套 基本 家具 （ 全尺寸大小 床 / 书桌 / 柜子 / 空调 ） 如 需要 可 低价 转让 。
441, 请 联系 rent em@1,1,rent,租,,,,,,,,, 请 联系 rent em@1
442, 因为 之前 要 租 的 同学 变卦 所以 房间 又 available 了 ， 有 兴趣 请 邮件 联系 ， 我 会 提供 照片 ~,1,available,有效,,,,,,,,, 因为 之前 要 租 的 同学 变卦 所以 房间 又 有效了 ， 有 兴趣 请 邮件 联系 ， 我 会 提供 照片 ~
443, mini van 包车 往返 pit 机场 及 匹兹堡 市区,2,mini van,小面包车,pit,匹兹堡,,,,,,, 小面包车 包车 往返 pit 机场 及 匹兹堡 市区
444, 车辆 ： honda odyssey,1,honda odyssey,本田奥德赛,,,,,,,,, 车辆 ：本田奥德赛
445, 豪华 suv 包车 往返 pit 机场 及 匹兹堡 市区,2,suv,城市功能越野车,pit,匹兹堡,,,,,,, 豪华城市功能越野车包车 往返 pit 机场 及 匹兹堡 市区
446, 豪华 suv 包车 往返 pit 机场 及 匹兹堡 市区,2,suv,城市功能越野车,pit,匹兹堡,,,,,,, 豪华城市功能越野车包车 往返 pit 机场 及 匹兹堡 市区
447, 地处 greenfield ， 周围 环境 安静 ， 邻里 和睦 ， 非常 安全,1,greenfield,格林菲尔德,,,,,,,,, 地处格林菲尔德 ， 周围 环境 安静 ， 邻里 和睦 ， 非常 安全
448, 户型 ： 一 楼 是 超大 living room ， dining room 及 厨房 ；,2,living room,客厅,dining room,餐厅,,,,,,, 户型 ： 一 楼 是 超大客厅， 餐厅 及 厨房 ；
449, 八月 初 入住 ， 一 年 lease .,1,lease,合同,,,,,,,,, 八月 初 入住 ， 一 年合同 .
450, oakland 的 好 房 您 不 能 错过 ！,1,oakland,奥克兰,,,,,,,,, 奥克兰的 好 房 您 不 能 错过 ！
451, 如果 感 兴趣 ， 欢迎 联系 wet em@19,1,wet,维特,,,,,,,,, 如果 感 兴趣 ， 欢迎 联系 wet em@19
452, oakland 有 一 栋 三 层 楼 六 个 卧室 ， 两 个 带 浴室 的 厕所 的 连 栋 房 。,1,oakland,奥克兰,,,,,,,,, 奥克兰有 一 栋 三 层 楼 六 个 卧室 ， 两 个 带 浴室 的 厕所 的 连 栋 房 。
453, 小区 居民 是 学生 和 年轻 学者 ， 学校 的 shuttle 从 门前 经过 ， 而且 很多 。,1,shuttle,摆渡车,,,,,,,,, 小区 居民 是 学生 和 年轻 学者 ， 学校 的 摆渡车 从 门前 经过 ， 而且 很多 。
454, 八月 初 入住 ， 一 年 lease .,1,lease,合同,,,,,,,,, 八月 初 入住 ， 一 年合同 .
455, 有意 请 email 至 em@10,1,email,电子邮件,,,,,,,,, 有意 请 电子邮件 至 em@10
456, 月 租金 $450 ， 包 所有 utilities 。,1,utilities,水电气,,,,,,,,, 月 租金 $450 ， 包 所有 水电气 。
457, lebanon ， 该 区 高中 在 滨州 公立 排名 第九 。,1,lebanon,黎巴嫩,,,,,,,,, 黎巴嫩 ， 该 区 高中 在 滨州 公立 排名 第九 。
458, 每个 房间 都 有 closet ， 图 中 黄色 部分 是 closet .,2,closet,衣橱,closet,衣橱,,,,,,, 每个 房间 都 有 衣橱 ， 图 中 黄色 部分 是 衣橱 .
459, oakland 的 好 房 您 不 能 错过 ！,1,oakland,奥克兰,,,,,,,,, 奥克兰 的 好 房 您 不 能 错过 ！
460, oakland 的 干净 精致 好 房 您 不 能 错过 ！,1,oakland,奥克兰,,,,,,,,, 奥克兰 的 干净 精致 好 房 您 不 能 错过 ！
461, 地点 ： north oakland/shadyside,1,north,北,,,,,,,,, 地点 ：北奥克兰/沙迪
462, 房型 ： house,1,house,住宅,,,,,,,,, 房型 ： 独栋住宅
463, 欢迎 email 咨询,1,email,电子邮件,,,,,,,,, 欢迎 电子邮件 咨询
464, hello 大家 好,1,hello,嘿,,,,,,,,, 嘿大家 好
465, 联系 电话 ： 412-6518342 jane li,1,jane li,李健,,,,,,,,, 联系 电话 ： 412-6518342 jane li
466, 如 感 兴趣 ， 请 发 邮件 : yan em@18,1,yan,严,,,,,,,,, 如 感 兴趣 ， 请 发 邮件 : yan em@18
467, 位于 安全 的 西 oakland ！,1,oakland,奥克兰,,,,,,,,, 位于 安全 的 西奥克兰！
468, apartment 网站 如下 ：,1,apartment,公寓,,,,,,,,, 公寓网站 如下 ：
469, 在 walnut 附近 ， 附近 有 很多 吃饭 逛街 的 地方,1,walnut,核桃街,,,,,,,,, 在核桃街附近 ， 附近 有 很多 吃饭 逛街 的 地方
470, 公共 家居 都 是 全 的 ， 房间 里 有 桌子 椅子 ， full size 的 床 ， 因为 我 之后 还 要 回来 住 ， 所以 柜子 ， 箱子 里面 的 东西 希望 你 不 要 动,1,full size,全尺寸大小,,,,,,,,, 公共 家居 都 是 全 的 ， 房间 里 有 桌子 椅子 ，全尺寸大小 的 床 ， 因为 我 之后 还 要 回来 住 ， 所以 柜子 ， 箱子 里面 的 东西 希望 你 不 要 动
471, 已 降价 ， still available,1,still available,依旧有效,,,,,,,,, 已 降价 ，依旧有效
472, 出租 的 这个 卧室 很 大 ， 阳光 充沛 ， 是 独 栋 三 层 大 house 四 个 卧室 中 的 一 个 。,1,house,住宅,,,,,,,,, 出租 的 这个 卧室 很 大 ， 阳光 充沛 ， 是 独 栋 三 层 大 独栋住宅 四 个 卧室 中 的 一 个 。
473, 出租 的 这个 卧室 位于 第二 层 ， 一 层 是 share 的 客厅 餐厅 和 厨房 。,1,share,共享,,,,,,,,, 出租 的 这个 卧室 位于 第二 层 ， 一 层 是共享的 客厅 餐厅 和 厨房 。
474, 家具 齐全 ， 书架 ， 衣柜 ， full size 床 ， 书桌 ， 椅子 等 ；,1,full size,全尺寸大小,,,,,,,,, 家具 齐全 ， 书架 ， 衣柜 ，全尺寸大小 床 ， 书桌 ， 椅子 等 ；
475, 取暖 用 gas ， 暖气 很 足 ， 房东 付 。,1,gas,气,,,,,,,,, 取暖 用 气， 暖气 很 足 ， 房东 付 。
476, 房子 的 大致 floor plan,1,floor plan,平面图,,,,,,,,, 房子 的 大致 平面图
477, 二 楼 的 full bathroom,1,full bathroom,完整浴室,,,,,,,,, 二 楼 的完整浴室
478, 家具 齐全 ， 书架 ， 衣柜 ， queen size 床 ， 书桌 ， 椅子 等 ；,1,queen size,大号尺寸的,,,,,,,,, 家具 齐全 ， 书架 ， 衣柜 ， 大号尺寸的 床 ， 书桌 ， 椅子 等 ；
479, 走 五 分钟 过 一 个 街区 就 是 forbes 和 murray ave ， 各 种 餐馆 ， 超市 都 能 找到 。,2,forbes,福布斯物业,murray ave,默里街,,,,,,, 走 五 分钟 过 一 个 街区 就 是 福布斯和 默里街， 各 种 餐馆 ， 超市 都 能 找到 。
480, 公寓 有 免费 gym ， 门口 有 免费 停车场 。,1,gym,体育馆,,,,,,,,, 公寓 有 免费 体育馆 ， 门口 有 免费 停车场 。
481, 你 好 ， 可以 看看 我们 的 house ， 详见 我 的 帖子,1,house,住宅,,,,,,,,, 你 好 ， 可以 看看 我们 的独栋住宅 ， 详见 我 的 帖子
482, east liberty 超大 公寓 出租 啦 ！,1,east liberty,东方责任,,,,,,,,," """"""东方责任"""" 超大 公寓 出租 啦 ！"""
483, mozart 是 匹兹堡 的 大 物业 ， arlington 是 mozart 的 物业 总部 ， 物业 维修 都 很 方便 。,3,mozart,莫扎特,arlington,艾灵顿,mozart,莫扎特,,,,, 莫扎特 是 匹兹堡 的 大 物业 ，艾灵顿 是莫扎特的 物业 总部 ， 物业 维修 都 很 方便 。
484, 门口 有 cvs 很 方便 。,1,cvs,超市名,,,,,,,,, 门口 有 cvs(超市名) 很 方便 。
485, 如 感 兴趣 ， 请 发 邮件 : yan em@18,1,yan,严,,,,,,,,, 如 感 兴趣 ， 请 发 邮件 : yan em@18
486, 位于 安全 的 西 oakland ！,1,oakland,奥克兰,,,,,,,,, 位于 安全 的 西 奥克兰 ！
487, 房租 不 包括 utilities （ 水 / 电 / 气 ） 。,1,utilities,水电气,,,,,,,,, 房租 不 包括水电气 （ 水 / 电 / 气 ） 。
488, 采光 充足 ， 物业 nice 。,1,nice,好,,,,,,,,, 采光 充足 ， 物业 好。
489, 整 租 可以 直接 跟 物业 签 lease 一 年 。,1,lease,合同,,,,,,,,, 整 租 可以 直接 跟 物业 签 合同一 年 。
490, 独立 house 二 层 整 层 出租 ， 无需 准备 家具 ， 拎包 入住 。,1,house,住宅,,,,,,,,, 独立 独栋住宅 二 层 整 层 出租 ， 无需 准备 家具 ， 拎包 入住 。
491, 公寓 位 于 cvs 超市 旁 生活 十分 便利 ， 离 公交 车站 也 非常 近 十 分钟 可 到 giant eagle 等 大 超市 。,2,cvs,超市名,giant eagle,大老鹰,,,,,,, 公寓 位 于 cvs(超市名) 超市 旁 生活 十分 便利 ， 离 公交 车站 也 非常 近 十 分钟 可 到 大老鹰 等 大 超市 。
492, hello 大家 好,1,hello,嘿,,,,,,,,, 嘿 大家 好
493, 拎包 入住 ～ 关于 公寓 信息 就 不 用 多 说 了 吧 ， 那 是 相当 popular ， 相当 好 的 ~~~,1,popular,受追捧,,,,,,,,, 拎包 入住 ～ 关于 公寓 信息 就 不 用 多 说 了 吧 ， 那 是 相当受追捧 ， 相当 好 的 ~~~
494, preferred 地点 ：,1,preferred,比较喜欢,,,,,,,,, 比较喜欢的 地点 ：
495, 最 多 两 人 share 一 个 卫生间,1,share,共享,,,,,,,,, 最 多 两 人 共享 一 个 卫生间
496, 研究生 social work 入学 ， 过去 五 年 在 美国 中部 一 城市 学习 + 工作,1,social work,社会工作,,,,,,,,, 研究生 社会工作 入学 ， 过去 五 年 在 美国 中部 一 城市 学习 + 工作
497, 如 感 兴趣 ， 请 发 邮件 : yan em@18,1,yan,严,,,,,,,,, 如 感 兴趣 ， 请 发 邮件 : yan em@18
498, 公寓 house 皆 可 。,1,house,住宅,,,,,,,,, 公寓 独栋住宅 皆 可 。
499, 距离 giant eagle 步行 十 分钟 。,1,giant eagle,大老鹰,,,,,,,,, 距离 大老鹰 步行 十 分钟 。
500, utility : 自理,1,utility,水电气,,,,,,,,, 水电气: 自理
501, tel ： pn-11 （ 短信 优先 ）,1,tel,电话,,,,,,,,, 电话： pn-11 （ 短信 优先 ）
502, 后院 有 鱼池 ， 有 阳台 ， 可以 barbecue ；,1,barbecue,烧烤,,,,,,,,, 后院 有 鱼池 ， 有 阳台 ， 可以 烧烤 ；
503, 在 murray ave 上 ， 步行 去 giant eagle 和 餐馆,2,murray ave,默里街,giant eagle,大老鹰,,,,,,, 在 默里街 上 ， 步行 去 大老鹰 和 餐馆
504, 周围 有 饭店 超市 逛街 场所 walnut st 。,1,walnut st,核桃街,,,,,,,,, 周围 有 饭店 超市 逛街 场所 核桃街 。
505, 是 house 。,1,house,住宅,,,,,,,,, 是独栋住宅。
506, available 时间 是 5.,1,available,有效,,,,,,,,, 有效 时间 是 5.
507, 房型 ： studio ( efficiency ),2,studio,工作室,efficiency,效率,,,,,,, 房型 ： 工作室( 效率 )
508, 走路 10-15 min 可 到 pitt&cmu ；,1,min,分钟,,,,,,,,, 走路 10-15 分钟 可 到 匹大/卡耐基梅隆；
509, house 一共 有 三 间 卧室 ， 另外 两 间 分别 住 了 一 个 匹 大 本科 美国 女生 ， 和 一 个 匹 大 博士后 中国 男生 。,1,house,住宅,,,,,,,,, 独栋住宅 一共 有 三 间 卧室 ， 另外 两 间 分别 住 了 一 个 匹 大 本科 美国 女生 ， 和 一 个 匹 大 博士后 中国 男生 。
510, 房租 ： $400 / 月 全 包 ， 已 包含 所有 utilities + 网 费 + management 申请 费$200 .,2,utilities,水电气,management,物业,,,,,,, 房租 ： $400 / 月 全 包 ， 已 包含 所有 水电气 + 网 费 +物业 申请 费$200 .
511, house 宽敞 整洁 ， 4b1.,1,house,住宅,,,,,,,,, 独栋住宅 宽敞 整洁 ， 4b1.
512, 不 开 party ！,1,party,聚会,,,,,,,,, 不 开聚会 ！
513, 独立 house 二 层 整 层 出租 ， 无需 准备 家具 ， 拎包 入住 。,1,house,住宅,,,,,,,,, 独立 住宅 二 层 整 层 出租 ， 无需 准备 家具 ， 拎包 入住 。
514, house 里面 的 一 个 客厅 ， 带 家具,1,house,住宅,,,,,,,,, 独栋住宅 里面 的 一 个 客厅 ， 带 家具
515, 本人 pitt master ， 暑期 要 去 别 州 ， 短期 出租 一 室 一 厅 的 apartment ， 公寓 环境 非常 好 ， 基本 都 是 pitt/cmu 的 学生 或 工作 人员 。,2,pitt master,匹兹堡硕士,apartment,公寓,,,,,,, 本人 匹兹堡硕士 ， 暑期 要 去 别 州 ， 短期 出租 一 室 一 厅 的 公寓 ， 公寓 环境 非常 好 ， 基本 都 是匹大/卡耐基梅隆 的 学生 或 工作 人员 。
516, 朋友 来 聚餐 ， 开 party 都 有 足够 空间 。,1,party,聚会,,,,,,,,, 朋友 来 聚餐 ， 开 聚会 都 有 足够 空间 。
517, 有 pet 可以 商量,1,pet,宠物,,,,,,,,, 有 宠物可以 商量
518, 房子 是 一 个 大 house 有 院子 ， 门口 就 可以 免费 停车 很 方便 。,1,house,住宅,,,,,,,,, 房子 是 一 个 大 独栋住宅有 院子 ， 门口 就 可以 免费 停车 很 方便 。
519, 房子 是 一 个 大 house 有 院子 ， 门口 就 可以 免费 停车 很 方便 。,1,house,住宅,,,,,,,,, 房子 是 一 个 大 独栋住宅有 院子 ， 门口 就 可以 免费 停车 很 方便 。
520, 联系 方式 ： email : em@20,1,email,电子邮件,,,,,,,,, 联系 方式 ： 电子邮件 : em@20
521, 可以 share 大部分 家用 电器 ， 厨房 用品 ， 家具 等 。,1,share,共享,,,,,,,,, 可以共享 大部分 家用 电器 ， 厨房 用品 ， 家具 等 。
522, utility : 自理 （ 约 80-100 / 月 ）,1,utility,水电气,,,,,,,,, 水电气 : 自理 （ 约 80-100 / 月 ）
523, 本人 pitt 研究生 ， 女生 。,1,pitt,匹兹堡,,,,,,,,, 本人匹兹堡大学研究生 ， 女生 。
524, north oakland 好 房 暑期 出租 ！,1,north oakland,北奥克兰,,,,,,,,, 北奥克兰 好 房 暑期 出租 ！
525, 附近 有 rite aid ， iga 超市 ， 满足 日常 需求 。,2,rite aid,连锁超市名,iga,iga,,,,,,, 附近 有 rite aid(连锁超市名) ， iga(连锁超市名) 超市 ， 满足 日常 需求 。
526, 下面 是 自己 对 这个 apartment 的 一些 总结 。,1,apartment,公寓,,,,,,,,, 下面 是 自己 对 这个公寓 的 一些 总结 。
527, 入住 需要 和 meyer 签 合约 。,1,meyer,迈耶斯,,,,,,,,, 入住 需要 和 迈耶斯 签 合约 。
528, 没有 不良 嗜好 （ 最好 是 学生 ， 背景 简单 ） ， 不 会 在 家里 开 party 。,1,party,聚会,,,,,,,,, 没有 不良 嗜好 （ 最好 是 学生 ， 背景 简单 ） ， 不 会 在 家里 开 聚会 。
529, 离 target ， trader joe ’ s ~ 1.,3,target,塔吉特,trader joe,缺德舅,s,,,,,, 离 塔吉特 ，缺德舅 ~ 1.
530, 有 兴趣 同学 可以 联系 mil em@21,1,mil,米尔,,,,,,,,, 有 兴趣 同学 可以 联系 mil em@21
531, 有 车库 ， drive way parking 和 street parking 。,2,drive way parking,车道停车,street parking,路边停车,,,,,,," ""有 车库 ， """"车道停车"""" 和 路边停车。"""
532, 周围 有 饭店 超市 逛街 场所 walnut st 。,1,walnut st,核桃街,,,,,,,,, 周围 有 饭店 超市 逛街 场所 核桃街 。
533, 位于 trees hall 附近 ， 步行 至 trees hall 仅 三 分钟,2,trees hall,大树厅,trees hall,大树厅,,,,,,, 位于大树厅 附近 ， 步行 至 大树厅 仅 三 分钟
534, 地址 位 于 beacon st ， 是 独 栋 房屋 的 一 层 。,1,beacon st,烽火街,,,,,,,,, 地址 位 于 烽火街 ， 是 独 栋 房屋 的 一 层 。
535, 后院 有 私家 车库 ， beacon st 两 侧 也 可 免费 趴 车 。,1,beacon st,烽火街,,,,,,,,, 后院 有 私家 车库 ，烽火街两 侧 也 可 免费 趴 车 。
536, 紧邻 cvs ， 和 south craig street 上 众多 餐馆 。,2,cvs,超市名,south craig street,南克列戈街,,,,,,, 紧邻 cvs(超市名) ， 和 南克列戈街 上 众多 餐馆 。
537, 卫生间 去年 年底 刚刚 装修 ， 简直 高大 上 ~~~ 物业 为 meyer management ， 属于 匹兹堡 地区 老牌 物业 ， 服务 周到 。,1,meyer management,迈耶斯物业,,,,,,,,, 卫生间 去年 年底 刚刚 装修 ， 简直 高大 上 ~~~ 物业 为 迈耶斯物业， 属于 匹兹堡 地区 老牌 物业 ， 服务 周到 。
538, 三 个 大 卧室 ， 两 年 前 新 装修 厨房 面积 大 ， 采光 好 ， 有 花岗岩 台面 ， 新 橱柜 及 新 appliances .,1,appliances,器具,,,,,,,,, 三 个 大 卧室 ， 两 年 前 新 装修 厨房 面积 大 ， 采光 好 ， 有 花岗岩 台面 ， 新 橱柜 及 新 器具 .
539, 如果 有 兴趣 可以 联系 我 email : em@22,1,email,电子邮件,,,,,,,,, 如果 有 兴趣 可以 联系 我 电子邮件 : em@22
540, 小区 环境 非常 幽静 ： 有 多 处 playground 和 公园 ， 很 适合 有 孩子 （ 和 老人 ） 的 家庭 在,1,playground,操场,,,,,,,,, 小区 环境 非常 幽静 ： 有 多 处 操场 和 公园 ， 很 适合 有 孩子 （ 和 老人 ） 的 家庭 在
541, 步行 可 达 whole fruit ( 大型 食品 超市 ) ， target ( 家居 卖场 ） 。,2,whole fruit,全果,target,塔吉特,,,,,,, 步行 可 达 全果( 大型 食品 超市 ) ， 塔吉特 ( 家居 卖场 ） 。
542, 距离 cvs 5-10 分钟 ；,1,cvs,超市名,,,,,,,,, 距离 cvs(超市名) 5-10 分钟 ；
543, still available 价格 可以 商议,1,still available,依旧有效,,,,,,,,, 依旧有效; 价格 可以 商议
544, 房型 ： mozart 最大 一 套 ， 两 室 一 厅 ， 客厅 不 住 人 ， 出租 中央 卧室 。,1,mozart,莫扎特,,,,,,,,, 房型 ： 莫扎特最大 一 套 ， 两 室 一 厅 ， 客厅 不 住 人 ， 出租 中央 卧室 。
545, 有 pet 可以 商量,1,pet,宠物,,,,,,,,, 有宠物 可以 商量
546, 距离 cvs 5-10 分钟 ；,1,cvs,超市名,,,,,,,,, 距离 cvs(超市名) 5-10 分钟 ；
547, utility : 自理,1,utility,水电气,,,,,,,,, 水电气 : 自理
548, 有 一 个 fireplace ， 中央 空调 。,1,fireplace,壁炉,,,,,,,,, 有 一 个壁炉， 中央 空调 。
549, 如果 感 兴趣 ， 请 通过 email 联系 em@11,1,email,电子邮件,,,,,,,,, 如果 感 兴趣 ， 请 通过 电子邮件 联系 em@11
550, 三 个 大 卧室 ， 两 年 前 新 装修 厨房 面积 大 ， 采光 好 ， 有 花岗岩 台面 ， 新 橱柜 及 新 appliances .,1,appliances,器具,,,,,,,,, 三 个 大 卧室 ， 两 年 前 新 装修 厨房 面积 大 ， 采光 好 ， 有 花岗岩 台面 ， 新 橱柜 及 新 器具 .
551, 如果 有 兴趣 可以 联系 我 email : em@22,1,email,电子邮件,,,,,,,,, 如果 有 兴趣 可以 联系 我 电子邮件 : em@22
552, apartment ， 两 室 一 厅 ， 出租 其中 一 间 卧室 。,1,apartment,公寓,,,,,,,,, 公寓 ， 两 室 一 厅 ， 出租 其中 一 间 卧室 。
553, 可以 share 大部分 家用 电器 ， 厨房 用品 ， 客厅 家具 等 。,1,share,共享,,,,,,,,, 可以 公寓 大部分 家用 电器 ， 厨房 用品 ， 客厅 家具 等 。
554, 房租 不 包括 utilities （ 水 / 电 / 气 ） 。,1,utilities,水电气,,,,,,,,, 房租 不 包括 水电气（ 水 / 电 / 气 ） 。
555, 房租 不 包括 utilities （ 水 / 电 / 气 ） 。,1,utilities,水电气,,,,,,,,, 房租 不 包括水电气（ 水 / 电 / 气 ） 。
556, 入住 需要 和 meyer 签 合约 。,1,meyer,迈耶斯,,,,,,,,, 入住 需要 和 迈耶斯 签 合约 。
557, 没有 不良 嗜好 （ 最好 是 学生 ， 背景 简单 ） ， 不 会 在 家里 开 party 。,1,party,聚会,,,,,,,,, 没有 不良 嗜好 （ 最好 是 学生 ， 背景 简单 ） ， 不 会 在 家里 开 聚会 。
558, apartment 是 一 房 一 厅 ， 一 厨房 ， 一 卫浴 。,1,apartment,公寓,,,,,,,,, 公寓是 一 房 一 厅 ， 一 厨房 ， 一 卫浴 。
559, meyer 管理 ， 绝对 安全 。,1,meyer,迈耶斯,,,,,,,,, 迈耶斯管理 ， 绝对 安全 。
560, 非常 适合 coupon 或者 一 个 人 ！,1,coupon,优惠卷？（是不是想说couple 一对儿）,,,,,,,,, 非常 适合 一对儿 或者 一 个 人 ！
561, 本人 是 pitt master 在 读 已经 在 这 住 一 年 了,1,pitt master,匹兹堡大学硕士,,,,,,,,, 本人 是匹兹堡大学硕士在 读 已经 在 这 住 一 年 了
562, 现有 两 名 女生 居住 ， 一 名 匹 大 phd ， 另 一 名 匹 大 master ， 都 是 很 好 相处 的 女生 。,2,phd,博士,master,硕士,,,,,,, 现有 两 名 女生 居住 ， 一 名 匹 大 博士， 另 一 名 匹 大 硕士 ， 都 是 很 好 相处 的 女生 。
563, 物业 是 口碑 很 好 的 mayer ’ s management ， 上门 修 东西 十分 及时 且 免费 。,2,mayer,迈耶斯,s management,物业,,,,,,, 物业 是 口碑 很 好 的迈耶斯物业， 上门 修 东西 十分 及时 且 免费 。
564, apartment : 一 室 一 厅 。,1,apartment,公寓,,,,,,,,, 公寓: 一 室 一 厅 。
565, roommate ： 匹 大 硕士 第二 年 ， 温柔 安静 好 相处 。,1,roommate,室友,,,,,,,,, 室友 ： 匹 大 硕士 第二 年 ， 温柔 安静 好 相处 。
566, 饭厅 有 两 张 书桌 ， 房间 有 一 张 king size bed 。,1,king size bed,超大号床,,,,,,,,, 饭厅 有 两 张 书桌 ， 房间 有 一 张 超大号床。
567, 交通 极 便利 ， forbes 上 几乎 所有 最 主要 的 公交 线路 都 直接 从 门口 经过 。,1,forbes,福布斯,,,,,,,,, 交通 极 便利 ， 福布斯 上 几乎 所有 最 主要 的 公交 线路 都 直接 从 门口 经过 。
568, 户型 ： 一 室 一 厅 ， 崭新 的 apartment room 。,1,apartment room,公寓间,,,,,,,,, 户型 ： 一 室 一 厅 ， 崭新 的 公寓间。
569, 现有 两 匹 大 男生 ， 一 master 一 phd ， 很 好 相处 。,2,master,硕士,phd,博士,,,,,,, 现有 两 匹 大 男生 ， 一 硕士一 博士， 很 好 相处 。
570, ps ： 房子 的 位置 在 north oakland ， 周围 小区 华人 和 白人 比较 多 ， 所以 比较 安全 ， 晚上 回家 也 不用 特别 担心 。,2,ps,附笔,north oakland,北奥克兰,,,,,,, 附笔： 房子 的 位置 在 北奥克兰 ， 周围 小区 华人 和 白人 比较 多 ， 所以 比较 安全 ， 晚上 回家 也 不用 特别 担心 。
571, 如果 有 兴趣 可以 联系 我 email :,1,email,电子邮件,,,,,,,,, 如果 有 兴趣 可以 联系 我 电子邮件 :
572, 如 感 兴趣 ， 请 发 邮件 : yan em@18,1,yan,严,,,,,,,,, 如 感 兴趣 ， 请 发 邮件 : yan em@18
573, 附近 有 giant eagle ， 各 种 餐厅 ， 离 公园 frick park 走路 一 分钟 。,2,giant eagle,大老鹰,frick park,弗里克公园,,,,,,, 附近 有 大老鹰 ， 各 种 餐厅 ， 离 公园弗里克公园 走路 一 分钟 。
574, 如 感 兴趣 ， 请 发 邮件 : yan em@18,1,yan,严,,,,,,,,, 如 感 兴趣 ， 请 发 邮件 : yan em@18
575, 美国 请 联系 王 哥 pn-12 （ 美国 电话 ） ， email ： em@23,1,email,电子邮件,,,,,,,,, 美国 请 联系 王 哥 pn-12 （ 美国 电话 ） ， 电子邮箱 ： em@23
576, 距离 川 霸王 ， 天天 见面 ， 府 河 人家 ， giant eagle 都 是 步 走 距离 ， 生活 便利 ；,1,大老鹰,need to translate,,,,,,,,, 距离 川 霸王 ， 天天 见面 ， 府 河 人家 ， 大老鹰 都 是 步 走 距离 ， 生活 便利 ；
577, 卫生间 去年 年底 刚刚 装修 ， 简直 高大 上 ~~~ 物业 为 meyer management ， 属于 匹兹堡 地区 老牌 物业 ， 服务 周到 。,1,meyer management,迈耶斯物业,,,,,,,,, 卫生间 去年 年底 刚刚 装修 ， 简直 高大 上 ~~~ 物业 为 迈耶斯物业， 属于 匹兹堡 地区 老牌 物业 ， 服务 周到 。
578, 附近 有 giant eagle ， 各 种 餐厅 ， 离 公园 frick park 走路 一 分钟 。,2,giant eagle,大老鹰,frick park,弗里克公园,,,,,,, 附近 有 大老鹰 ， 各 种 餐厅 ， 离 公园 弗里克公园 走路 一 分钟 。
579, 暑假 在 匹 大 上 summer ， 实在 不 想 再 搬 一 次 。,1,summer,暑校,,,,,,,,, 暑假 在 匹 大 上暑校， 实在 不 想 再 搬 一 次 。
580, hello 大家 好,1,hello,嘿,,,,,,,,, 嘿大家 好
581, 联系 方式 ： email : em@24,1,email,电子邮件,,,,,,,,, 联系 方式 ： 电子邮件 : em@24
582, 管理 公司 是 匹兹堡 口碑 很 好 的 meyers management ， 维修 速度 非常 快 ， 且 没有 额外 费用,1,meyers management,迈耶斯物业,,,,,,,,, 管理 公司 是 匹兹堡 口碑 很 好 的 迈耶斯物业 ， 维修 速度 非常 快 ， 且 没有 额外 费用
583, 联系 电话 or text ： 412-6518342 jane,2,or text,或者短信,jane,简,,,,,,, 联系 电话 or text ： 412-6518342 jane
584, 物业 为 meyer management ， 属于 匹兹堡 地区 老牌 物业 ， 服务 周到 。,1,meyer management,迈耶斯物业,,,,,,,,, 物业 为 迈耶斯物业 ， 属于 匹兹堡 地区 老牌 物业 ， 服务 周到 。
585, 有意 者 text or call pn-13 better to text first .,2,text or call,短信或者电话,better to text first,最好短信优先,,,,,,, 有意 者 短信或者电话 pn-13 最好短信优先 .
586, 欢迎 email 联系 咨询 。,1,email,电子邮件,,,,,,,,, 欢迎 电子邮件 联系 咨询 。
587, pets 可以 商量 。,1,pets,宠物,,,,,,,,, 宠物可以 商量 。
588, 补充 ： bathroom,1,bathroom,浴室,,,,,,,,, 补充 ： 浴室
589, 这 是 one bedroom apartment .,1,one bedroom apartment,单卧室公寓,,,,,,,,, 这 是 单卧室公寓 .
590, 联系 方式 ： email : em@24,1,email,电子邮件,,,,,,,,, 联系 方式 ： 电子邮件 : em@24
591, 管理 公司 是 匹兹堡 口碑 很 好 的 meyers management ， 维修 速度 非常 快 ， 且 没有 额外 费用,1,meyers management,迈耶斯物业,,,,,,,,, 管理 公司 是 匹兹堡 口碑 很 好 的迈耶斯物业， 维修 速度 非常 快 ， 且 没有 额外 费用
592, 房子 结构 ： 三 层 楼 house,1,house,住宅,,,,,,,,, 房子 结构 ： 三 层 楼 独栋住宅
593, 周边 ： 附近 有 bar 和 餐厅 ， 还 有 小 超市 。,1,bar,酒吧,,,,,,,,, 周边 ： 附近 有 酒吧 和 餐厅 ， 还 有 小 超市 。
594, 邮箱 [ url = em@25,1,url,统一资源定位符,,,,,,,,, 邮箱 [ 统一资源定位符 = em@25
595, 【 物业 】 ： meyers management 公司 ， 物业 反应 迅速,1,meyers management,迈耶斯物业,,,,,,,,, 【 物业 】 ： 迈耶斯物业 公司 ， 物业 反应 迅速
596, 【 物业 】 ： meyers management 公司 ， 物业 反应 迅速,1,meyers management,迈耶斯物业,,,,,,,,, 【 物业 】 ： 迈耶斯物业 公司 ， 物业 反应 迅速
597, 房租 在 400-500 usd / 月,1,usd,美刀,,,,,,,,, 房租 在 400-500 美刀 / 月
598, 并且 附近 有 cvs 和 印度 、 韩国 超市 ， 购物 也 方便 。,1,cvs,超市名,,,,,,,,, 并且 附近 有 cvs(超市名) 和 印度 、 韩国 超市 ， 购物 也 方便 。
599, north oakland 属于 学校 附近 相对 安静 和 治安 情况 较 好 的 区域 ， 居住 环境 好 ， 利于 学习 和 生活 。,1,north oakland,北奥克兰,,,,,,,,, 北奥克兰属于 学校 附近 相对 安静 和 治安 情况 较 好 的 区域 ， 居住 环境 好 ， 利于 学习 和 生活 。
600, 房租 在 400-500 usd / 月,1,usd,美刀,,,,,,,,, 房租 在 400-500 美刀 / 月
601, ） 即日 起 available ！,1,available,有效,,,,,,,,, ） 即日 起 有效 ！
602, ） 即日 起 available ！,1,available,有效,,,,,,,,, ） 即日 起 有效 ！
603, ［ 生活 环境 ］ 距 giant eagle ， walnut st 步行 约 五 分钟 ， 周边 有 许多 餐厅 。,2,giant eagle,大老鹰,walnut st,核桃街,,,,,,, ［ 生活 环境 ］ 距 大老鹰 ， 核桃街 步行 约 五 分钟 ， 周边 有 许多 餐厅 。
604, sherwood 算是 匹兹堡 地区 最好 的 公寓 之一 了 ， 稍微 听说 过 的 同学 应该 都 知道 。,1,sherwood,谢尔伍德,,,,,,,,, 谢尔伍德 算是 匹兹堡 地区 最好 的 公寓 之一 了 ， 稍微 听说 过 的 同学 应该 都 知道 。
605, 有 床 （ queen size ） 和 桌子 椅子 。,1,queen size,大号尺寸的,,,,,,,,, 有 床 （大号尺寸的） 和 桌子 椅子 。
606, 三 层 house ， 带 地下室 。,1,house,住宅,,,,,,,,, 三 层独栋住宅， 带 地下室 。
607, ［ 生活 环境 ］ 距 giant eagle ， walnut st 步行 约 五 分钟 ， 周边 有 许多 餐厅 。,2,giant eagle,大老鹰,walnut st,核桃街,,,,,,, ［ 生活 环境 ］ 距 大老鹰 ， 核桃街 步行 约 五 分钟 ， 周边 有 许多 餐厅 。
608, 地址 ： chesterfield rd ，,1,chesterfield rd,切斯特菲尔德路,,,,,,,,, 地址 ：切斯特菲尔德路，
609, 并且 bus stop 的 位置 距离 公寓 只 需 四 分钟 的 时间 。,1,bus stop,公交站,,,,,,,,, 并且 公交站的 位置 距离 公寓 只 需 四 分钟 的 时间 。
610, 房租 交付 方式 为 check 。,1,check,支票,,,,,,,,, 房租 交付 方式 为 支票 。
611, maintenance request 发出 一 两 天 内 就 会 有 人 来 修 。,1,maintenance request,维修申请,,,,,,,,, 维修申请发出 一 两 天 内 就 会 有 人 来 修 。
612, pittsburgh oakland 地区 豪华 房 出租 ：,1,pittsburgh oakland,匹兹堡奥克兰,,,,,,,,, 匹兹堡奥克兰地区 豪华 房 出租 ：
613, 房子 是 独立 town house,1,town house,联排楼,,,,,,,,, 房子 是 独立 联排楼
614, 美国 请 联系 王 哥 pn-12 （ 美国 电话 ） ， email ： em@23,1,email,电子邮件,,,,,,,,, 美国 请 联系 王 哥 pn-12 （ 美国 电话 ） ， 电子邮箱： em@23
615, 本人 求 one bed room ， college garden .,2,one bed room,单卧室间,college garden,学校花园,,,,,,, 本人 求单卧室间，学校花园
616, south oakland ， house 一 个 卧室 出租 。,2,south oakland,南奥克兰,house,住宅,,,,,,, 南奥克兰 ， 独栋住宅 一 个 卧室 出租 。
617, house 里 还 有 客厅 ， 厨房 ， 地下室 。,1,house,住宅,,,,,,,,, 独栋住宅 里 还 有 客厅 ， 厨房 ， 地下室 。
618, 三 层 楼 house,1,house,住宅,,,,,,,,, 三 层 楼 独栋住宅
619, 周边 ： 生活 便利 ， 附近 有 bar 和 餐厅 ， 还 有 小 超市 。,1,bar,酒吧,,,,,,,,, 周边 ： 生活 便利 ， 附近 有 酒吧和 餐厅 ， 还 有 小 超市 。
620, house 里面 的 人 都 是 不 开 party 的 匹 大学生 。,2,house,住宅,party,聚会,,,,,,, 独栋住宅 里面 的 人 都 是 不 开 聚会 的 匹 大学生 。
621, 物业 为 meyer management ， 属于 匹兹堡 地区 老牌 物业 ， 服务 周到 。,1,meyer management,迈耶斯物业,,,,,,,,, 物业 为 迈耶斯物业， 属于 匹兹堡 地区 老牌 物业 ， 服务 周到 。
622, 公寓 为 south windsor ， 只有 十四 户 。,1,south windsor,南温莎,,,,,,,,, 公寓 为 南温莎 ， 只有 十四 户 。
623, 房子 是 独立 town house,1,town house,联排楼,,,,,,,,, 房子 是 独立联排楼
624, 美国 请 联系 王 哥 pn-12 （ 美国 电话 ） ， email ： em@23,1,email,电子邮件,,,,,,,,, 美国 请 联系 王 哥 pn-12 （ 美国 电话 ） ， 电子邮件 ： em@23
625, 房子 是 独立 town house,1,town house,联排楼,,,,,,,,, 房子 是 独立联排楼
626, 美国 请 联系 王 哥 pn-12 （ 美国 电话 ） ， email ： em@23,1,email,电子邮件,,,,,,,,, 美国 请 联系 王 哥 pn-12 （ 美国 电话 ） ， 电子邮件 ： em@23
627, 房东 美国 老头 ， 非常 nice .,1,nice,好,,,,,,,,, 房东 美国 老头 ， 非常 好
628, available from january ， 拎包 入住 ， 一月 房租 免除 ！,1,available from january,到一月有效,,,,,,,,, 从一月起有效， 拎包 入住 ， 一月 房租 免除 ！
629, walnut street 上面 的 小店 和 bar 也 不错 ；,2,walnut street,核桃街,bar,酒吧,,,,,,, 核桃街 上面 的 小店 和酒吧 也 不错 ；
630, house 里面 的 一 层 （ 一 室 一 厅 ） ， 带 家具,1,house,住宅,,,,,,,,, 独栋住宅里面 的 一 层 （ 一 室 一 厅 ） ， 带 家具
631, 附近 有 giant eagle 、 target 和 trader joe's 。,3,giant eagle,大老鹰,target,塔吉特,trader,交易员,,,,, 附近 有 大老鹰 、 塔吉特 和 缺德舅 。
632, house 在 白人 养老 社区 ， 环境 十分 幽静 ， 治安 很 好 。,1,house,住宅,,,,,,,,, 独栋住宅 在 白人 养老 社区 ， 环境 十分 幽静 ， 治安 很 好 。
633, 房子 招租 租 ， 坐落 在 greenfield 。,1,greenfield,格林菲尔德,,,,,,,,, 房子 招租 租 ， 坐落 在 格林菲尔德 。
634, 二 楼 有 一 个 卫生间 一 楼 还 有 一 个 的 卫生间 ， 为 half bathroom,1,half bathroom,半浴室,,,,,,,,, 二 楼 有 一 个 卫生间 一 楼 还 有 一 个 的 卫生间 ， 为 半浴室
635, 且 靠近 环境 优美 的 frick park 匹 村 美景 随时 享受,1,frick park,弗里克公园,,,,,,,,, 且 靠近 环境 优美 的弗里克公园 匹 村 美景 随时 享受
636, 楼道 也 每 天 有 management 打扫 ， 维护 ~,1,management,物业,,,,,,,,, 楼道 也 每 天 有物业打扫 ， 维护 ~
637, 大 卧室 住 的 是 pitt 女生 研究生 ， 安静 好 相处 。,1,pitt,匹兹堡大学,,,,,,,,, 大 卧室 住 的 是 匹兹堡大学女生 研究生 ， 安静 好 相处 。
638, apartment 里 有 很多 国人 留学生 ～,1,apartment,公寓,,,,,,,,, 公寓里 有 很多 国人 留学生 ～
639, 坐标 highland park ， 公寓 风景 一流 匹 村 最 佳 。,1,highland park,高地公园,,,,,,,,, 坐标 高地公园 ， 公寓 风景 一流 匹 村 最 佳 。
640, 房租 加上 utility 费用 一共 每 月 $1086 。,1,utility,水电气,,,,,,,,, 房租 加上 水电气 费用 一共 每 月 $1086 。
641, 门口 有 cvs 很 方便 。,1,cvs,超市名,,,,,,,,, 门口 有 cvs(超市名) 很 方便 。
642, 卧室 在 house 二 楼 。,1,house,住宅,,,,,,,,, 卧室 在 独栋住宅 二 楼 。
643, 房子 是 村里 公认 的 好 地段 ， 更多 信息 google 可 得 。,1,google,谷歌,,,,,,,,, 房子 是 村里 公认 的 好 地段 ， 更多 信息谷歌 可 得 。
644, house 里面 的 一 层 （ 一 室 一 厅 ） ， 带 家具,1,house,住宅,,,,,,,,, 独栋住宅 里面 的 一 层 （ 一 室 一 厅 ） ， 带 家具
645, 从 公寓 步行 五 分钟 就 可以 到 大型 超市 giant eagle ， whole foods 。,2,giant eagle,大老鹰,whole foods,全食,,,,,,, 从 公寓 步行 五 分钟 就 可以 到 大型 超市 大老鹰 ， 全食 。
646, 有 床 （ queen size ） 和 桌子 椅子 。,1,queen size,大号尺寸的,,,,,,,,, 有 床 （大号尺寸的） 和 桌子 椅子 。
647, 房子 招租 租 ， 坐落 在 greenfield 。,1,greenfield,格林菲尔德,,,,,,,,, 房子 招租 租 ， 坐落 在格林菲尔德。
648, 餐厅 ： 周围 有 很多 pizza 店,1,pizza,披萨,,,,,,,,, 餐厅 ： 周围 有 很多 披萨 店
649, 如果 有 兴趣 可以 联系 我 email :,1,email,电子邮件,,,,,,,,, 如果 有 兴趣 可以 联系 我 电子邮箱 :
650, 附近 是 little italy 。,1,little italy,小意大利,,,,,,,,, 附近 是 小意大利 。
651, ( prefer 短信 ),1,prefer,比较喜欢,,,,,,,,, ( 比较倾向于 短信 )
652, 联系 方式 ： email ： em@26,1,email,电子邮件,,,,,,,,, 联系 方式 ： 电子邮件 ： em@26
653, view = public 邮箱 ： em@27,2,view,风景,public,公共,,,,,,, 可见 = 公共 邮箱 ： em@27
654, 干净 一 居室 的 apartment 出租 ，,1,apartment,公寓,,,,,,,,, 干净 一 居室 的 apartment 出租 ，
655, 管理 公司 ： walnut capital ， 维修 十分 及时,1,walnut capital,核桃资产,,,,,,,,, 管理 公司 ： 核桃资产 ， 维修 十分 及时
656, 房子 招租 租 ， 坐落 在 greenfield 。,1,greenfield,格林菲尔德,,,,,,,,, 房子 招租 租 ， 坐落 在 格林菲尔德 。
657, 有意 请 email 至 em@10,1,email,电子邮件,,,,,,,,, 有意 请 电子邮件 至 em@10
658, house 里面 的 一 个 卧室 ， 现在 就 可 入住,1,house,住宅,,,,,,,,, 独栋住宅  里面 的 一 个 卧室 ， 现在 就 可 入住
659, 可 步行 至 匹 大 主 校区 各 个 学院 ， 距离 hillman library 步行 5-10 分钟 。,1,hillman library,希尔曼图书馆,,,,,,,,, 可 步行 至 匹 大 主 校区 各 个 学院 ， 距离希尔曼图书馆 步行 5-10 分钟 。
660, 请 大家 直接 去 联系 mozart 公司 ， 公司 联系 方式 是 pn-14 ， em@28,1,mozart,莫扎特,,,,,,,,, 请 大家 直接 去 联系莫扎特 公司 ， 公司 联系 方式 是 pn-14 ， em@28
661, 我们 都 是 匹 大学生 ， 租房 请 直接 联系 mozart 。,1,mozart,莫扎特,,,,,,,,, 我们 都 是 匹 大学生 ， 租房 请 直接 联系 莫扎特 。
662, manager 人 非常 nice 。,2,manager,经理,nice,好,,,,,,, 经理 人 非常好 。
663, house 里面 的 一 个 卧室,1,house,住宅,,,,,,,,, 独栋住宅 里面 的 一 个 卧室
664, 这个 一 室 一 厅 处于 一 个 三 楼 house 的 一 楼 ， 有 独立 的 卫生间 和 厨房 。,1,house,住宅,,,,,,,,, 这个 一 室 一 厅 处于 一 个 三 楼 独栋住宅 的 一 楼 ， 有 独立 的 卫生间 和 厨房 。
665, house 里面 的 一 个 客厅,1,house,住宅,,,,,,,,, 独栋住宅 里面 的 一 个 客厅
666, 房子 招租 租 ， 坐落 在 greenfield 。,1,greenfield,格林菲尔德,,,,,,,,, 房子 招租 租 ， 坐落 在格林菲尔德 。
667, 此 房间 位于 三 层 楼 的 house 的 二 楼 一 间 ， 一 楼 是 客厅 、 厨房 和 厕所 。,1,house,住宅,,,,,,,,, 此 房间 位于 三 层 楼 的 独栋住宅 的 二 楼 一 间 ， 一 楼 是 客厅 、 厨房 和 厕所 。
668, floor plan 见 ：,1,floor plan,平面图,,,,,,,,, 平面图见 ：
669, 现有 两 女生 ， 都 是 在 读 匹 大 phd ， 很 好 相处 。,1,phd,博士,,,,,,,,, 现有 两 女生 ， 都 是 在 读 匹 大 博士 ， 很 好 相处 。
670, update 联系 方式 ： em@29,1,update,更新,,,,,,,,, 更新 联系 方式 ： em@29
671, 有意 请 email 至 em@10,1,email,电子邮件,,,,,,,,, 有意 请 电子邮件 至 em@10
672, oakland 的 好 房 您 不 能 错过 ！,1,oakland,奥克兰,,,,,,,,, 奥克兰 的 好 房 您 不 能 错过 ！
673, oakland 住 有 一 年 了 ， 经常 凌晨 走路 回家 ， 都 没 问题 的,1,oakland,奥克兰,,,,,,,,, 奥克兰 住 有 一 年 了 ， 经常 凌晨 走路 回家 ， 都 没 问题 的
674, 往返 匹 大 cathedral of learning,1,cathedral of learning,学习大教堂,,,,,,,,, 往返 匹 大 学习大教堂
675, 如果 有 兴趣 可以 给 我 email ： em@30,1,email,电子邮件,,,,,,,,, 如果 有 兴趣 可以 给 我 电子邮件 ： em@30
676, （ 我 的 这个 房间 是 没有 阳台 的 （ balcony ） ）,1,balcony,阳台,,,,,,,,, （ 我 的 这个 房间 是 没有 阳台 的 （阳台 ） ）
677, 紧邻 cvs ， 和 south craig street 上 众多 餐馆 。,2,cvs,超市名,south craig street,南克列戈街,,,,,,, 紧邻 cvs(超市名) ， 和 南克列戈街 上 众多 餐馆 。
678, oakland 的 好 房 您 不 能 错过 ！,1,oakland,奥克兰,,,,,,,,, 奥克兰 的 好 房 您 不 能 错过 ！
679, single house : 房子 宽敞 明亮 !,1,single house,单独住宅,,,,,,,,, 单独住宅: 房子 宽敞 明亮 !
680, 新 安装 的 地板 ， 带 家具 ， full size 的 大 床 。,1,full size,全尺寸大小,,,,,,,,, 新 安装 的 地板 ， 带 家具 ， 全尺寸大小的 大 床 。
681, 新 安装 的 地板 ， 带 家具 ， full size 的 大 床 ， 房间 里 有 空调 。,1,full size,全尺寸大小,,,,,,,,, 新 安装 的 地板 ， 带 家具 ，全尺寸大小 的 大 床 ， 房间 里 有 空调 。
682, 需要 share bathroom 。,1,share bathroom,共享浴室,,,,,,,,, 需要 共享浴室。
683, 需要 人 现在 pittsburgh 签 房子 。,1,pittsburgh,匹兹堡,,,,,,,,, 需要 人 现在匹兹堡 签 房子 。
684, 地址 （ 可以 google map 上 查看 环境 ) :,1,google map,谷歌地图,,,,,,,,, 地址 （ 可以谷歌地图 上 查看 环境 ) :
685, 有意 请 email 至 em@10,1,email,电子邮件,,,,,,,,, 有意 请 电子邮件 至 em@10
686, 如 感 兴趣 ， 请 发 邮件 : yan em@18,1,yan,严,,,,,,,,, 如 感 兴趣 ， 请 发 邮件 : yan em@18
687, 三 层 楼 house,1,house,住宅,,,,,,,,, 三 层 楼 独栋住宅
688, 厨房 卫生间 ： 可能 与 另 一 个 房间 的 人 share ， 另 一 个 房间 是 女生 ， 匹 大学生 ， 人 很 nice ， 很 爱 干净 。,2,share,共享,nice,好,,,,,,, 厨房 卫生间 ： 可能 与 另 一 个 房间 的 人共享 ， 另 一 个 房间 是 女生 ， 匹 大学生 ， 人 很好 ， 很 爱 干净 。
689, 周边 ： 附近 有 bar 和 餐厅 ， 还 有 小 超市 。,1,bar,酒吧,,,,,,,,, 周边 ： 附近 有酒吧 和 餐厅 ， 还 有 小 超市 。
690, 房子 结构 ： 三 层 楼 house,1,house,住宅,,,,,,,,, 房子 结构 ： 三 层 楼 独栋住宅
691, 周边 ： 附近 有 bar 和 餐厅 ， 还 有 小 超市 。,1,bar,酒吧,,,,,,,,, 周边 ： 附近 有酒吧 和 餐厅 ， 还 有 小 超市 。
692, 房间 位 于 house 三 层 楼 的 第三 层 。,1,house,住宅,,,,,,,,, 房间 位 于 独栋住宅 三 层 楼 的 第三 层 。
693, 顶 一下 ， 走路 十 分钟 左右 有 cvs 超市,1,cvs,超市名,,,,,,,,, 顶 一下 ， 走路 十 分钟 左右 有 cvs(超市名) 超市
694, 有意 租房 者 请 email 或 微 信 联系 ， 谢谢 ！,1,email,电子邮件,,,,,,,,, 有意 租房 者 请 电子邮件 或 微 信 联系 ， 谢谢 ！
695, 有意 租房 者 请 email 或 微 信 联系 。,1,email,电子邮件,,,,,,,,, 有意 租房 者 请 电子邮件 或 微 信 联系 。
696, 附近 的 初中 jefferson middle school 和 高中 mt.,1,jefferson middle school,杰弗逊中学,,,,,,,,, 附近 的 初中杰弗逊中学和 高中 mt.
697, 如果 感 兴趣 ， 请 通过 email 联系 em@11,1,email,电子邮件,,,,,,,,, 如果 感 兴趣 ， 请 通过 电子邮件 联系 em@11
698, 公寓 在 centre ave 。,1,centre ave,中街,,,,,,,,, 公寓 在 中街。
699, oakland 的 好 房 您 不 能 错过 ！,1,oakland,奥克兰,,,,,,,,, 奥克兰 的 好 房 您 不 能 错过 ！
700, 房租 不 包括 utilities （ 水 / 电 / 气 ） 。,1,utilities,水电气,,,,,,,,, 房租 不 包括 水电气 水 / 电 / 气 ） 。
701, 房子 是 一 个 大 house 有 院子 ， 门口 就 可以 免费 停车 很 方便 。,1,house,住宅,,,,,,,,, 房子 是 一 个 大 独栋住宅 有 院子 ， 门口 就 可以 免费 停车 很 方便 。
702, 大 院子 和 front porch 。,1,front porch,前廊,,,,,,,,, 大 院子 和 前廊。
703, 需要 share bathroom 。,1,share bathroom,共享浴室,,,,,,,,, 需要共享浴室。
704, 需要 人 现在 pittsburgh 签 房子 。,1,pittsburgh,匹兹堡,,,,,,,,, 需要 人 现在 匹兹堡 签 房子 。
705, 需要 share bathroom 。,1,share bathroom,共享浴室,,,,,,,,, 需要共享浴室 。
706, 需要 人 现在 pittsburgh 签 房子 。,1,pittsburgh,匹兹堡,,,,,,,,, 需要 人 现在匹兹堡 签 房子 。
707, up up 房子 依然 available,2,up up,顶顶,available,有效,,,,,,, 顶顶 房子 依然有效
708, 也 可以 street parking 。,1,street parking,路边停车,,,,,,,,, 也 可以路边停车。
709, 去 其他 大型 超市 如 target 等 也 特别 方便 。,1,target,塔吉特,,,,,,,,, 去 其他 大型 超市 如 塔吉特 等 也 特别 方便 。
710, 去 学校 或者 waterfront 都 非常 方便 。,1,waterfront,滨水,,,,,,,,, 去 学校 或者 滨水都 非常 方便 。
711, 如果 感 兴趣 ， 请 通过 email 联系 em@11,1,email,电子邮件,,,,,,,,, 如果 感 兴趣 ， 请 通过 电子邮件 联系 em@11
712, lebanon ， 该 区 高中 在 滨州 公立 排名 第九 。,1,lebanon,黎巴嫩,,,,,,,,, 黎巴嫩， 该 区 高中 在 滨州 公立 排名 第九 。
713, 有意 请 email 至 em@10,1,email,电子邮件,,,,,,,,, 有意 请 发电子邮件 至 em@10
714, 有意 租房 者 请 email 联系 ， 谢谢 ！,1,email,电子邮件,,,,,,,,, 有意 租房 者 请 发电子邮件 联系 ， 谢谢 ！
715, 有意 租房 者 请 email 或 微 信 联系 ， 谢谢 ！,1,email,电子邮件,,,,,,,,, 有意 租房 者 请 电子邮件 或 微 信 联系 ， 谢谢 ！
716, 近 学校 shuttle 站 。,1,shuttle,摆渡车,,,,,,,,, 近 学校 摆渡车站 。
717, 如果 感 兴趣 ， 请 通过 电子邮件 联系 em@11,1,电子邮件,need to translate,,,,,,,,, 有意 租房 者 请 发电子邮件 或 微 信 联系 ， 谢谢 ！
718, 有 车库 ， drive way 也 可以 停车,1,drive way,车道,,,,,,,,, 有 车库 ， 车道 也 可以 停车
719, 离 waterfront 特别 近 ， 生活 方便,1,waterfront,滨水,,,,,,,,, 离 滨水特别 近 ， 生活 方便
720, 房子 结构 ： 三 层 楼 house,1,house,住宅,,,,,,,,, 房子 结构 ： 三 层 楼 house
721, 周边 ： 附近 有 bar 和 餐厅 ， 还 有 小 超市 。,1,bar,酒吧,,,,,,,,, 周边 ： 附近 有酒吧 和 餐厅 ， 还 有 小 超市 。
722, 卧室 内 一 个 closet ， 客厅 另 有 一 个 closet 。,2,closet,衣橱,closet,衣橱,,,,,,, 卧室 内 一 个 衣橱 ， 客厅 另 有 一 个 壁橱 。
723, 房租 每 月 $650 左右 ， 包 heat 和 gas ， 冬天 取暖 heat 是 大头 ， 这 省 了 很 大 一 笔 开支 。,3,heat,供暖,gas,气,heat,供暖,,,,, 房租 每 月 $650 左右 ， 包 供暖和气 ， 冬天 取暖 供暖 是 大头 ， 这 省 了 很 大 一 笔 开支 。
724, 因为 是 学校 的 房产 ， 住户 基本 均 为 匹 大 的 faculty 和 学生 ， 很 安全 而且 维修 管理 服务 便利 。,1,faculty,员工,,,,,,,,, 因为 是 学校 的 房产 ， 住户 基本 均 为 匹 大 的 员工和 学生 ， 很 安全 而且 维修 管理 服务 便利 。
725, 我们 实验室 有 个 博 后 ， 由于 他 的 老婆 和 女儿 过来 了 ， 故 需 换 一 个 大 点 的 apartment ， 所以 想 让 人 take over 他 目前 的 apartment 。,3,apartment,公寓,take over,接管,apartment,公寓,,,,, 我们 实验室 有 个 博 后 ， 由于 他 的 老婆 和 女儿 过来 了 ， 故 需 换 一 个 大 点 的公寓 ， 所以 想 让 人接管 他 目前 的 公寓 。
726, sato ） 的 邮箱 : em@31,1,sato,萨头,,,,,,,,, sato ） 的 邮箱 : em@31
727, 如果 感 兴趣 ， 请 通过 电子邮件 联系 em@11,1,电子邮件,need to translate,,,,,,,,, 如果 感 兴趣 ， 请 通过 电子邮件 联系 em@11
728, single house : 全新 装修 ！,1,single house,单独住宅,,,,,,,,, 单独住宅 : 全新 装修 ！
729, utility : 全 包 如上,1,utility,水电气,,,,,,,,, 水电气: 全 包 如上
730, cell : pn-15 或者 请 告诉 我 你 的 联系 方式 ， 我 会 尽快 与 你 联系,1,cell,电话,,,,,,,,, 电话 : pn-15 或者 请 告诉 我 你 的 联系 方式 ， 我 会 尽快 与 你 联系
731, lease 可以 从 八月 一日 起 一 年,1,lease,合同,,,,,,,,, 合同可以 从 八月 一日 起 一 年
732, 有意 租房 者 请 email 联系,1,email,电子邮件,,,,,,,,, 如果 感 兴趣 ， 请 通过 电子邮件 联系 em@11
733, oakland 有余 房 出租 。,1,oakland,奥克兰,,,,,,,,, 奥克兰 有余 房 出租 。
734, 如果 感 兴趣 ， 请 通过 email 联系 em@11,1,email,电子邮件,,,,,,,,, 如果 感 兴趣 ， 请 通过 电子邮件 联系 em@11
735, 有意 请 email 至 em@10,1,email,电子邮件,,,,,,,,, 有意 请 发电子邮件至 em@10
736, 如果 感 兴趣 ， 请 通过 email 联系 em@11,1,email,电子邮件,,,,,,,,, 有意 请 发电子邮件 至 em@10
737, 近 学校 shuttle 站 。,1,shuttle,摆渡车,,,,,,,,, 近 学校摆渡车 站 。
738, oakland 有 多 房 出租 。,1,oakland,奥克兰,,,,,,,,, 奥克兰 有 多 房 出租 。
739, 公寓 may flower 是 匹 大学 校 的 房子 ， 主要 是 提供 给 研究生 的 ， 价钱 比 商业 公寓 便宜 。,1,may flower,五月花,,,,,,,,, 公寓五月花 是 匹 大学 校 的 房子 ， 主要 是 提供 给 研究生 的 ， 价钱 比 商业 公寓 便宜 。
740, 匹 大 房产 college gardens 两 室 两 卫 的 apartment 。,2,college gardens,学校花园,apartment,公寓,,,,,,, 匹 大 房产 学校花园 两 室 两 卫 的 公寓 。
741, 联系 电话 ： 412-6518342 jane,1,jane,简,,,,,,,,, 联系 电话 ： 412-6518342 jane
742, town house ， 四 卧室 。,1,town house,联排楼,,,,,,,,, 联排楼， 四 卧室 。
743, 下面 是 自己 对 这个 apartment 的 一些 总结 。,1,apartment,公寓,,,,,,,,, 下面 是 自己 对 这个 公寓 的 一些 总结 。
744, oakland 的 好 房 您 不 能 错过 ！,1,oakland,奥克兰,,,,,,,,, 奥克兰 的 好 房 您 不 能 错过 ！
745, 房租 每 月 $2500 ， 房租 不 包括 utilities （ 水 / 电 / 气 ） 。,1,utilities,水电气,,,,,,,,, 房租 每 月 $2500 ， 房租 不 包括水电气 （ 水 / 电 / 气 ） 。
746, 房租 不 包括 utilities （ 水 / 电 / 气 ） 。,1,utilities,水电气,,,,,,,,, 房租 不 包括水电气 （ 水 / 电 / 气 ） 。
747, 房租 $600 / 月 ， all utility included （ i.,1,all utility included,水电气,,,,,,,,, 房租 $600 / 月  ，包括所有水电气费用（ i.
748, 如 有 兴趣 请 电子邮件 ： em@32,1,email,电子邮件,,,,,,,,, 如 有 兴趣 请 电子邮件 ： em@32
749, 地址 ： 松 鼠 山 bartlett st ， giant eagle 后面 。,2,bartlett st,巴洛特街,giant eagle,大老鹰,,,,,,, 地址 ： 松 鼠 山巴洛特街， 大老鹰 后面 。
750, 联系 方式 ： call : 412-901-7283e-mail : em@33,1,call,拨电话,,,,,,,,, 联系 方式 ：电话: pn-16 电子邮箱l : em@33
751, manager 联系 方式 ：,1,manager,经理,,,,,,,,, 经理 联系 方式 ：
752, lebanon ， 该 区 高中 在 滨州 公立 排名 第九 。,1,lebanon,黎巴嫩,,,,,,,,, 黎巴嫩， 该 区 高中 在 滨州 公立 排名 第九 。
753, 去 超市 也 很 方便 ， giant eagle ， target ， trader joe ' s 均 公交 直达 。,4,giant eagle,大老鹰,target,塔吉特,trader joe,缺德舅,s,s,,, 去 超市 也 很 方便 ， 大老鹰 ， 塔吉特 ， 缺德舅 均 公交 直达 。
754, 请 联系 我 ： jenny em@34,1,jenny,杰尼,,,,,,,,, 请 联系 我 ： jenny em@34
755, 房东 人 很 nice 。,1,nice,好,,,,,,,,, 房东 人 很 好。
756, 步行 到 匹 大 课室 、 图书馆 和 cafeteria 都 只 需 几 分钟 。,1,cafeteria,自助餐厅,,,,,,,,, 步行 到 匹 大 课室 、 图书馆 和自助餐厅都 只 需 几 分钟 。
757, 去 centre ave 上 的 giant eagle 也 只 需要 十 分钟 左右 。,2,centre ave,中街,giant eagle,大老鹰,,,,,,, 去 中街 上 的 大老鹰 也 只 需要 十 分钟 左右 。
758, 本人 来自 沈阳 ， 在 public health school 。,1,public health school,公立健康学校,,,,,,,,, 本人 来自 沈阳 ， 在 公立健康学校 。
759, 十 分钟 步行 至 walnut st,1,walnut st,核桃街,,,,,,,,, 十 分钟 步行 至 核桃街
760, 下面 是 自己 对 这个 apartment 的 一些 总结 。,1,apartment,公寓,,,,,,,,, 下面 是 自己 对 这个公寓 的 一些 总结 。
761, 公寓 may flower 是 匹 大学 校 的 房子 ， 主要 是 提供 给 研究生 的 ， 价钱 比 商业 公寓 便宜 。,1,may flower,五月花,,,,,,,,, 公寓 五月花是 匹 大学 校 的 房子 ， 主要 是 提供 给 研究生 的 ， 价钱 比 商业 公寓 便宜 。
762, 具体 email 沟通 em@35,1,email,电子邮件,,,,,,,,, 具体 电子邮件 沟通 em@35
763, apartment 周边 环境 安静 ， 治安 也 比较 好 。,1,apartment,公寓,,,,,,,,, 公寓 周边 环境 安静 ， 治安 也 比较 好 。
764, 这个 studio 在 三 楼 ， 也 不 面向 大 马路 ， 不 吵 ， 很 安静 。,1,studio,工作室,,,,,,,,, 这个工作室在 三 楼 ， 也 不 面向 大 马路 ， 不 吵 ， 很 安静 。
765, 独立 卫生间 ， 独立 大 衣帽间 ， 基本 可以 算是 一 个 没有 厨房 的 studio 。,1,studio,工作室,,,,,,,,, 独立 卫生间 ， 独立 大 衣帽间 ， 基本 可以 算是 一 个 没有 厨房 的 工作室 。
766, 联系 方式 ： email : em@36,1,email,电子邮件,,,,,,,,, 联系 方式 ： 电子邮件 : em@36
767, chesterfield road 出租 卧室 二 间 $330 / 月,1,chesterfield road,切斯特菲尔德路,,,,,,,,, 切斯特菲尔德路 出租 卧室 二 间 $330 / 月
768, 免费 室外 停车 ， 收费 室内 garage,1,garage,车库,,,,,,,,, 免费 室外 停车 ， 收费 室内 车库
769, house 远离 主要 干道 ， 夜间 安静 保证 睡眠 质量 高 。,1,house,住宅,,,,,,,,, 独栋住宅 远离 主要 干道 ， 夜间 安静 保证 睡眠 质量 高 。
770, 公寓 位于 五 楼 ， 采光 良好 ， 公寓 空间 很 大 ， 有 独立 的 卫生间 更衣 间 ， 和 完全 分离 的 厨房 ( 很多 studio 都 是 开放 厨房 ) .,1,studio,工作室,,,,,,,,, 公寓 位于 五 楼 ， 采光 良好 ， 公寓 空间 很 大 ， 有 独立 的 卫生间 更衣 间 ， 和 完全 分离 的 厨房 ( 很多工作室都 是 开放 厨房 ) .
771, 电话 ： pn-17 ， email em@12,1,email,电子邮件,,,,,,,,, 电话 ： pn-17 ， 电子邮件 em@12
772, 出门 走 一 分钟 不到 就 有 81-83 bus 。,1,bus,公交,,,,,,,,, 出门 走 一 分钟 不到 就 有 81-83 公交 。
773, leasing office 就 在 lobby ， 员工 也 非常 好 ， 有 什么 问题 随时 可以 找 他们 沟通 解决 。,2,leasing office,负责租赁的办公室,lobby,大厅,,,,,,, 负责租赁的办公室就 在大厅 ， 员工 也 非常 好 ， 有 什么 问题 随时 可以 找 他们 沟通 解决 。
774, 公寓 里 自 配 独立 卫生间 ， closet ， 厨房 ， 非常 方便 ~,1,closet,衣橱,,,,,,,,, 公寓 里 自 配 独立 卫生间 ， 衣橱 ， 厨房 ， 非常 方便 ~
775, 本人 因为 毕业 要 搬到 其它 地方 ， 所以 只 能 忍痛 割爱 了 ， 现 出租 超级 大 而且 独立 的 living room ！,1,living room,客厅,,,,,,,,, 本人 因为 毕业 要 搬到 其它 地方 ， 所以 只 能 忍痛 割爱 了 ， 现 出租 超级 大 而且 独立 的 客厅 ！
776, conditions : 三 层 house 里面 最 大 的 一 间 卧室 。,2,conditions,情况,house,住宅,,,,,,, 情况 : 三 层独栋住宅 里面 最 大 的 一 间 卧室 。
777, 二 层 是 三 个 卧室 和 一 间 bathroom 。,1,bathroom,浴室,,,,,,,,, 二 层 是 三 个 卧室 和 一 间 浴室。
778, 两 位 非常 nice 的 男生 ， 分别 为 pitt 和 duquesne 研究生 。,3,nice,好,pitt,匹兹堡大学,duquesne,杜肯,,,,, 两 位 非常好 的 男生 ， 分别 为匹兹堡大学 和 杜肯大学研究生 。
779, 别 说 自己 没 天赋 ， have fun 不 需要 天赋 !,1,have fun,娱乐,,,,,,,,, 别 说 自己 没 天赋 ， 娱乐 不 需要 天赋 !
780, 往返 匹 大 cathedral of learning,1,cathedral of learning,学习大教堂,,,,,,,,, 往返 匹 大 学习大教堂
781, oakland 住 有 一 年 了 ， 经常 凌晨 走路 回家 ， 都 没 问题 的,1,oakland,奥克兰,,,,,,,,, 奥克兰 住 有 一 年 了 ， 经常 凌晨 走路 回家 ， 都 没 问题 的
782, （ 我 的 这个 房间 是 没有 阳台 的 （ balcony ） ）,1,balcony,阳台,,,,,,,,, （ 我 的 这个 房间 是 没有 阳台 的 （ 阳台 ） ）
783, 公寓 位于 五 楼 ， 采光 良好 ， 公寓 空间 很 大 ， 有 独立 的 卫生间 更衣 间 ， 和 完全 分离 的 厨房 ( 很多 studio 都 是 开放 厨房 ) .,1,studio,工作室,,,,,,,,, 公寓 位于 五 楼 ， 采光 良好 ， 公寓 空间 很 大 ， 有 独立 的 卫生间 更衣 间 ， 和 完全 分离 的 厨房 ( 很多 工作室 都 是 开放 厨房 ) .
784, 购物 轻松 ， 从 公寓 步行 五 分钟 大 超市 giant eagle ， whole foods 。,2,giant eagle,大老鹰,whole foods,全食,,,,,,, 购物 轻松 ， 从 公寓 步行 五 分钟 大 超市 大老鹰 ，全食 。
785, 提供 免费 的 street parking 和 便宜 的 室内 车库 。,1,street parking,路边停车,,,,,,,,, 提供 免费 的 路边停车 和 便宜 的 室内 车库 。
786, 卧室 内 一 个 closet ， 客厅 另 有 一 个 closet 。,2,closet,衣橱,closet,衣橱,,,,,,, 卧室 内 一 个 衣橱 ， 客厅 另 有 一 个 壁橱 。
787, 因为 是 学校 的 房产 ， 住户 基本 均 为 匹 大 的 faculty 和 学生 ， 很 安全 而且 维修 管理 服务 便利 。,1,faculty,员工,,,,,,,,, 因为 是 学校 的 房产 ， 住户 基本 均 为 匹 大 的 员工 和 学生 ， 很 安全 而且 维修 管理 服务 便利 。
788, college garden 公寓 属于 pitt 学校 资产 并由 学校 负责 管理 与 维护 。,2,college garden,学校花园,pitt,匹兹堡大学,,,,,,, 学校花园 公寓 属于 匹兹堡大学 学校 资产 并由 学校 负责 管理 与 维护 。
789, 现有 独立 的 一 间 bedroom 出租 ， 在 mayflower 公寓 ， 属于 匹 大 的 房子 ， 在 north oakland 。,3,bedroom,卧室,mayflower,五月花,north oakland,北奥克兰,,,,, 现有 独立 的 一 间 卧室 出租 ， 在 五月花 公寓 ， 属于 匹 大 的 房子 ， 在 北奥克兰。
790, 每 月 租金 $450 ， 包括 所有 utility （ 水 ， 电 ， 气 ， 暖气 ） 和 网络 。,1,utility,水电气,,,,,,,,, 每 月 租金 $450 ， 包括 所有水电气（ 水 ， 电 ， 气 ， 暖气 ） 和 网络 。
791, 房子 距离 pitt 各 大 学院 都 非常 近 。,1,pitt,匹兹堡大学,,,,,,,,, 房子 距离 匹兹堡大学各 大 学院 都 非常 近 。
792, female only ， 有意 请 联系 我 。,1,female only,仅限女生,,,,,,,,, 仅限女生， 有意 请 联系 我 。
793, phone : pn-18 请 短信 ( prefer ),2,phone,电话,prefer,比较喜欢,,,,,,, 电话 : pn-18 请 短信 (更加倾向)
794, 首先 是 容易 找到 month to month 的 一 月 付 房租 。,1,month to month,月到月,,,,,,,,, 首先 是 容易 找到月到月的 一 月 付 房租 。
795, 访 学 的 同学 没 听说 谁 不 签 一 年 lease 就 找 不 到 房子 住 马路 的 。,1,lease,合同,,,,,,,,, 访 学 的 同学 没 听说 谁 不 签 一 年合同就 找 不 到 房子 住 马路 的 。
796, 家具 齐全 ， queen size 席梦思 大 床 ， 提包 入住 。,1,queen size,大号尺寸的,,,,,,,,, 家具 齐全 ，大号尺寸的 席梦思 大 床 ， 提包 入住 。
797, 另 所 有 utility 全 包 。,1,utility,水电气,,,,,,,,, 另 所 有 水电气 全 包 。
798, 另 据 walnut street 几 分钟 步行 距离 ， 吃喝 方便 。,1,walnut street,核桃街,,,,,,,,, 另 据 核桃街 几 分钟 步行 距离 ， 吃喝 方便 。
799, 要求 ： 附近 好 停车 ， house 和 apartment 都 可以 ， 月 总 费用 在 $600 以下 。,2,house,住宅,apartment,公寓,,,,,,, 要求 ： 附近 好 停车 ， 独栋住宅 和 公寓都 可以 ， 月 总 费用 在 $600 以下 。
800, 公寓 内 有 gym ， recreational room ， 夏天 有 游泳池,2,gym,体育馆,recreational room,娱乐室,,,,,,, 公寓 内 有 体育馆 ，娱乐室 ， 夏天 有 游泳池
801, 相当于 免 了 半 个 月 的 房租 ~ 包 水 和 trash ， 免费 停车,1,trash,垃圾,,,,,,,,, 相当于 免 了 半 个 月 的 房租 ~ 包 水 和 垃圾， 免费 停车
802, 同时 也 靠近 fifth ave ， 交通 十分 方便 。,1,fifth ave,五街,,,,,,,,, 同时 也 靠近五街， 交通 十分 方便 。
803, 非常 方便 ， center 上 就 有 个 giant eagle .,2,center,中心,giant eagle,大老鹰,,,,,,, 非常 方便 ， 中心 上 就 有 个 大老鹰 .
804, 非常 方便 ， center 上 就 有 个 giant eagle .,2,center,中心,giant eagle,大老鹰,,,,,,, 非常 方便 ，中心上 就 有 个 大老鹰 .
805, 非常 适合 读 summer 但 没有 宿舍 住 的 匹 大学生 和 初 到 匹兹堡 的 任何 学者 ！,1,summer,暑校,,,,,,,,, 非常 适合 读 暑校但 没有 宿舍 住 的 匹 大学生 和 初 到 匹兹堡 的 任何 学者 ！
806, 步行 到 匹 大 课室 、 图书馆 和 cafeteria 都 只 需 几 分钟 。,1,cafeteria,自助餐厅,,,,,,,,, 步行 到 匹 大 课室 、 图书馆 和自助餐厅都 只 需 几 分钟 。
807, 之后 可以 和 公司 再 签 下 一 年 的 lease 。,1,lease,合同,,,,,,,,, 之后 可以 和 公司 再 签 下 一 年 的合同 。
808, 详情 ： 独立 厨房 ， 室内 居住 面积 非常 大 ， 大 closet 两 个 。,1,closet,衣橱,,,,,,,,, 详情 ： 独立 厨房 ， 室内 居住 面积 非常 大 ， 大 衣橱 两 个 。
809, 家具 柜子 ， 书桌 ， 饭桌 ， 椅子 ， 台灯 ， queen size bed ， 配置 齐全 ， 拎包 入住 。,1,queen size bed,大号尺寸的床,,,,,,,,, 家具 柜子 ， 书桌 ， 饭桌 ， 椅子 ， 台灯 ， 大号尺寸的床 ， 配置 齐全 ， 拎包 入住 。
810, 免费 室外 停车 ， 收费 室内 garage,1,garage,车库,,,,,,,,, 免费 室外 停车 ， 收费 室内车库
811, 地点 ： atwood street,1,atwood street,艾特伍德街,,,,,,,,, 地点 ：艾特伍德街
812, 如 有 兴趣 ， 请 email : em@37,1,email,电子邮件,,,,,,,,, 如 有 兴趣 ， 请 发电子邮件: em@37
813, 地点 ： atwood street,1,atwood street,艾特伍德街,,,,,,,,, 地点 ：艾特伍德街
814, 有意 的 同学 请 email 联系 我 。,1,email,电子邮件,,,,,,,,, 如 有 兴趣 ， 请 发电子邮件 : em@37
815, up up up up 来自 : 微 社区,1,up up up up,顶顶顶顶,,,,,,,,, 顶顶顶顶来自 : 微 社区
816, 联系 电话 or text ： 412-6518342 jane,2,or text,或者短信,jane,简,,,,,,, 联系 电话 或者短信 ： 412-6518342 jane
817, 现在 出租 该 house 三 层 的 三 件 卧室 中 的 一 间 。,1,house,住宅,,,,,,,,, 现在 出租 该独栋住宅 三 层 的 三 件 卧室 中 的 一 间 。
818, 房间 有 一 个 queen size 的 床 还 有 一 个 写字 桌 。,1,queen size,大号尺寸的,,,,,,,,, 房间 有 一 个 大号尺寸的 的 床 还 有 一 个 写字 桌 。
819, apartment 是 一 个 house 的 第二 层 ， 一共 有 三 层,2,apartment,公寓,house,,,,,,,, 公寓 是 一 个 独栋住宅的 第二 层 ， 一共 有 三 层
820, 距离 audi 和 giant eagle 十 分钟 左右 。,2,audi,奥迪,giant eagle,大老鹰,,,,,,, 距离 奥迪 和 大老鹰 十 分钟 左右 。
821, 地点 最 好 靠近 bayard st 和 n craig st 交接 的 地方 ， 就是 走路 五 分钟 就 到 的 那 种 。,2,bayard st,拜亚迪街,n craig st,北克列戈街,,,,,,, 地点 最 好 靠近拜亚迪街和 北克列戈街 交接 的 地方 ， 就是 走路 五 分钟 就 到 的 那 种 。
822, 出租 匹 大 校外 学生 公寓 （ 隶属 匹兹堡 大学 ） 联系 电话 ： pn-19 【 summary 】 出租 隶属 匹兹堡 大学 off-campus 公寓 客厅 。,1,summary,摘要,,,,,,,,, 出租 匹 大 校外 学生 公寓 （ 隶属 匹兹堡 大学 ） 联系 电话 ： pn-19 【 摘要 】 出租 隶属 匹兹堡 大学 校外 公寓 客厅 。
823, 卧室 面积 足够 放下 full/queen 床 和 书桌 ， 卧室 内 有 一 个 closet ， 走道 有 一 个 walk-in closet 。,2,closet,衣橱,closet,衣橱,,,,,,, 卧室 面积 足够 放下 全尺寸偏大的床 和 书桌 ， 卧室 内 有 一 个 衣橱 ， 走道 有 一 个 进门 的壁橱 。
824, college garden 公寓 属于 pitt 学校 资产 并由 学校 负责 管理 与 维护 。,2,college garden,学校花园,pitt,匹兹堡大学,,,,,,, 学校花园公寓 属于 匹兹堡大学 学校 资产 并由 学校 负责 管理 与 维护 。
825, 已 添加 房间 照片 ， still available .,1,still available,依旧有效,,,,,,,,, 已 添加 房间 照片 ， 依旧有效.
826, 公寓 内 有 gym ， recreational room ， 夏天 有 游泳池,2,gym,体育馆,recreational room,娱乐室,,,,,,, 公寓 内 有 体育馆 ， 娱乐室 ， 夏天 有 游泳池
827, 天天 去 giant eagle 不 是 梦 ！,1,giant eagle,大老鹰,,,,,,,,, 天天 去 大老鹰 不 是 梦 ！
828, 周边 ： 附近 有 dollar general ， giant eagle market district 。,2,dollar general,达乐公司,giant eagle market district,大老鹰超市区,,,,,,, 周边 ： 附近 有 达乐公司， 大老鹰超市区。
829, 更新 ： 房租 调整 为 大 卧室 $440 / 月 ， 小 卧室 $360 / 月 ， utility 全 包 。,1,utility,水电气,,,,,,,,, 更新 ： 房租 调整 为 大 卧室 $440 / 月 ， 小 卧室 $360 / 月 ， 水电气全 包 。
830, 停车 有 很 大 的 garage 。,1,garage,车库,,,,,,,,, 停车 有 很 大 的 车库。
831, 小区 全部 是 meyer's management 管理 ， 安全 省心 ， 维修 即时 。,1,management,物业,,,,,,,,, 小区 全部 是 迈耶斯物业 管理 ， 安全 省心 ， 维修 即时 。
832, 垃圾 有 人 每天 清理 ， 相 比较 住 house 简直 省 时 省力 。,1,house,住宅,,,,,,,,, 垃圾 有 人 每天 清理 ， 相 比较 住独栋住宅简直 省 时 省力 。
833, 无需 security deposit 。,1,security deposit,保证金,,,,,,,,, 无需 保证金。
835, 这 是 一 个 两 室 一 卫生间 一 客厅 一 个 厨房 的 apartment 。,1,apartment,公寓,,,,,,,,, 这 是 一 个 两 室 一 卫生间 一 客厅 一 个 厨房 的公寓  。
836, important ] 咨询,1,important,重要,,,,,,,,, 重要 ] 咨询
837, 我 这 件 卧室 大小 是 大概 可以 放下 两 张 king size 的 床 。,1,king size,超大号,,,,,,,,, 我 这 件 卧室 大小 是 大概 可以 放下 两 张 超大号 的 床 。
838, 好 房子 ， 交通 便利 ， 代 房东 发布 此 消息 ， 房东 非常 nice,1,nice,好,,,,,,,,, 好 房子 ， 交通 便利 ， 代 房东 发布 此 消息 ， 房东 非常好
839, 或者 email ： stella.,1,email,电子邮件,,,,,,,,, 或者 电子邮件 ： stella.
840, 离 匹 大 ， cum 都 很 近 ， 交通 便利 。,1,cum,cmu？卡耐基梅隆？,,,,,,,,, 离 匹 大 ，卡耐基梅隆 都 很 近 ， 交通 便利 。
841, house 共 有 四 个 房间 ， 二 楼 和 三 楼 各 两 个 房间 ， 每 层 有 一 个 卫生间 。,1,house,住宅,,,,,,,,, 独栋住宅 共 有 四 个 房间 ， 二 楼 和 三 楼 各 两 个 房间 ， 每 层 有 一 个 卫生间 。
842, 购物 ： 步行 一 个 block 有 cvs ， 买 日常 用品 非常 方便 。,2,block,街区,cvs,超市名,,,,,,, 购物 ： 步行 一 个 街区 有 cvs（超市名） ， 买 日常 用品 非常 方便 。
843, squirrel hill 松鼠 山 好 房 出租 ！,1,squirrel hill,松鼠山,,,,,,,,, 松鼠山 松鼠 山 好 房 出租 ！
844, house 共 有 四 个 房间 ， 二 楼 和 三 楼 各 两 个 房间 ， 每 层 有 一 个 卫生间 。,1,house,住宅,,,,,,,,, 独栋住宅 共 有 四 个 房间 ， 二 楼 和 三 楼 各 两 个 房间 ， 每 层 有 一 个 卫生间 。
845, 如 有 兴趣 请 email : em@32,1,email,电子邮件,,,,,,,,, 如 有 兴趣 请 发电子邮件至 : em@32
846, 匹兹堡 apartment 卧室 招租 - 限 女生,1,apartment,公寓,,,,,,,,, 匹兹堡公寓 卧室 招租 - 限 女生
847, 并且 附近 有 cvs 和 印度 、 韩国 超市 ， 购物 也 方便 。,1,cvs,超市名,,,,,,,,, 并且 附近 有 cvs（超市名） 和 印度 、 韩国 超市 ， 购物 也 方便 。
848, north oakland 属于 学校 附近 相对 安静 和 治安 情况 较 好 的 区域 ， 居住 环境 好 ， 利于 学习 和 生活 。,1,north oakland,北奥克兰,,,,,,,,, 北奥克兰属于 学校 附近 相对 安静 和 治安 情况 较 好 的 区域 ， 居住 环境 好 ， 利于 学习 和 生活 。
849, 如 有 兴趣 请 email : em@32,1,email,电子邮件,,,,,,,,, 如 有 兴趣 请 发电子邮件l : em@32
850, 非 地毯 hard floor 。,1,hard floor,地板,,,,,,,,, 非 地毯地板。
851, 宜家 full size 床,1,full size,全尺寸大小,,,,,,,,, 宜家 全尺寸大小 床
852, 所 属 物业 ： walnut capital （ 匹兹堡 特别 好 的 物业 ）,1,walnut capital,核桃资产,,,,,,,,, 所 属 物业 ： 核桃资产（ 匹兹堡 特别 好 的 物业 ）
853, 人 非常 nice,1,nice,好,,,,,,,,, 人 非常 好
854, 也 有 校园 shuttle 停 靠 站 。,1,shuttle,摆渡车,,,,,,,,, 也 有 校园 摆渡车 停 靠 站 。
855, house 中 的 一 个 最大 房间 ， 租金 为 ： 399$ / 月 。,1,house,住宅,,,,,,,,, 独栋住宅 中 的 一 个 最大 房间 ， 租金 为 ： 399$ / 月 。
856, 房东 待人 和善 ， 房东 联系 email ： em@38,1,email,电子邮件,,,,,,,,, 房东 待人 和善 ， 房东 联系 电子邮箱： em@38
857, 平时 非常 安静 ， 也 很 少 有 人 干扰 ， 基本 没 人 会 在 这里 开 party 什么 的 ， 非常 适合 学习 。,1,party,聚会,,,,,,,,, 平时 非常 安静 ， 也 很 少 有 人 干扰 ， 基本 没 人 会 在 这里 开聚会 什么 的 ， 非常 适合 学习 。
858, 社区 ： squirrel hill ， 3-9 分钟 步行 可 达 bus stop,2,squirrel hill,松鼠山,bus stop,,,,,,,, 社区 ： 松鼠山 ， 3-9 分钟 步行 可 达公交站
859, 您 想 找 有 免费 street parking 的 公寓 吗 ？,1,street parking,路边停车,,,,,,,,, 您 想 找 有 免费 路边停车 的 公寓 吗 ？
860, college gardens 公寓 属于 pitt 学校 资产 并由 学校 负责 管理 与 维护 。,2,college gardens,学校花园,pitt,匹兹堡大学,,,,,,, 学校花园 公寓 属于 匹兹堡大学学校 资产 并由 学校 负责 管理 与 维护 。
861, 附近 有 cvs 和 印度 超市 ， 购物 方便 ， 也 有 很多 中国 ， 印度 餐馆 。,1,cvs,超市名,,,,,,,,, 附近 有 cvs(超市名） 和 印度 超市 ， 购物 方便 ， 也 有 很多 中国 ， 印度 餐馆 。
862, 您 想 找 有 免费 street parking 的 公寓 吗 ？,1,street parking,路边停车,,,,,,,,, 您 想 找 有 免费 路边停车的 公寓 吗 ？
863, college gardens 公寓 属于 pitt 学校 资产 并由 学校 负责 管理 与 维护 。,2,college gardens,学校花园,pitt,匹兹堡大学,,,,,,, 学校花园公寓 属于 匹兹堡大学 学校 资产 并由 学校 负责 管理 与 维护 。
864, 房子 是 一 个 两 层 楼 大 house 。,1,house,住宅,,,,,,,,, 房子 是 一 个 两 层 楼 大独栋住宅。
865, 二 楼 是 两 个 bedrooms 。,1,bedrooms,卧室,,,,,,,,, 二 楼 是 两 个 卧室。
866, 每个 bedroom 里 还 有 两 层 ， 是 个 loft 的 感觉 ， 很 大 。,2,bedroom,卧室,loft,复式楼,,,,,,, 每个卧室 里 还 有 两 层 ， 是 个复式楼的 感觉 ， 很 大 。
867, 含 一 个 outdoor parking 固定 车位 ， 不 需要 抢 。,1,outdoor parking,室外停车,,,,,,,,, 含 一 个 室外停车 固定 车位 ， 不 需要 抢 。
868, 公寓 情况 ： 超大 一 室 一 厅 ， 位 于 bayard road ， 属于 著名 的 meyers 公司 。,2,bayard road,贝叶德街,meyers,迈耶斯,,,,,,, 公寓 情况 ： 超大 一 室 一 厅 ， 位 于贝叶德街 ， 属于 著名 的 迈耶斯 公司 。
869, 交通 便捷 ， 去 中国 超市 ， whole foods market ， target ， downtown 等 均 可 直达 。,3,whole foods market,全食,target,塔吉特,downtown,市区,,,,, 交通 便捷 ， 去 中国 超市 ， 全食超市 ， 塔吉特 ， 市区等 均 可 直达 。
870, 两 个 walk-in closet 非常 宽敞 。,1,closet,衣橱,,,,,,,,, 两 个 进门壁橱 非常 宽敞 。
871, 学校 escort 可 直达 。,1,escort,护送车,,,,,,,,, 学校 护送车可 直达 。
872, 周边 环境 ： 对面 是 女子 大学 （ chatham university ） 安静 和 安全 。,1,chatham university,查塔姆大学,,,,,,,,, 周边 环境 ： 对面 是 女子 大学 （ 查塔姆大学） 安静 和 安全 。
873, 人 也 很 nice 的 ！,1,nice,好,,,,,,,,, 人 也 很 好的 ！
874, if （ 学校 escort ）,2,if,如果,escort,护送车,,,,,,, 如果 （ 学校护送车）
875, if （ 学校 shuttle ）,2,if,如果,shuttle,摆渡车,,,,,,, 如果 （ 学校护送车 ）
876, 去 giant eagle,1,giant eagle,大老鹰,,,,,,,,, 去 大老鹰
877, 阳台 （ 面向 shady ）,1,shady,沙迪,,,,,,,,, 阳台 （ 面向 沙迪）
878, college garden 公寓 属于 pitt 学校 资产 并由 学校 负责 管理 与 维护 。,2,college garden,学校花园,pitt,匹兹堡大学,,,,,,, 学校花园 公寓 属于 匹兹堡大学 学校 资产 并由 学校 负责 管理 与 维护 。
879, 停车 ： 有 免费 的 off-street parking,1,parking,停车,,,,,,,,, 停车 ： 有 免费 的 露天停车
880, 联系 时 请 说明 你 的 名字 ， 性别 ， 在 这里 的 身份 （ 例如 master ， phd ， 访问 学者 等 ）,2,master,硕士,phd,博士,,,,,,, 联系 时 请 说明 你 的 名字 ， 性别 ， 在 这里 的 身份 （ 例如硕士 ， 博士， 访问 学者 等 ）
881, 由于 本人 下 学期 要 study abroad ， 现在 需要 将 apartment 从 12.,2,study abroad,出国读书,apartment,公寓,,,,,,, 由于 本人 下 学期 要出国学习 ， 现在 需要 将 公寓 从 12.
882, 没有 单独 的 laundry 。,1,laundry,洗衣机,,,,,,,,, 没有 单独 的洗衣机 。
883, 要 去 tower 洗 衣服,1,tower,塔,,,,,,,,, 要 去 塔 洗 衣服
884, 一 个 studio （ 独立 卫生间 ， 一 个 大厅 包括 厨房 ） 。,1,studio,工作室,,,,,,,,, 一 个 工作室（ 独立 卫生间 ， 一 个 大厅 包括 厨房 ） 。
885, 这个 apt 非常 好 ， 可能 整个 匹兹堡 都 找 不 到 这么 便宜 的 apt 了 。,2,apt,公寓,apt,公寓,,,,,,, 这个 公寓 非常 好 ， 可能 整个 匹兹堡 都 找 不 到 这么 便宜 的 公寓了 。
886, 不含 utility 。,1,utility,水电气,,,,,,,,, 不含 水电气 。
887, craig 两 室 一 厅 中 一 室 招租 。,1,craig,克列戈,,,,,,,,, 克列戈两 室 一 厅 中 一 室 招租 。
888, 出门 一 分钟 到 centre 和 craig 路口 。,2,centre,中间,craig,克列戈,,,,,,, 出门 一 分钟 到 中间 和 克列戈路口 。
889, 所有 家具 齐全 （ queen size 床 + 书桌 + 转椅 + 衣柜 + 书柜 ） 只 需 提包 入住 。,1,queen size,大号尺寸的,,,,,,,,, 所有 家具 齐全 （ 大号尺寸的 床 + 书桌 + 转椅 + 衣柜 + 书柜 ） 只 需 提包 入住 。
890, 房子 是 一 个 两 层 楼 大 house 。,1,house,住宅,,,,,,,,, 房子 是 一 个 两 层 楼 大独栋住宅 。
891, 刚 装修 过 的 新房 ， 有 back yard ， deck 等,2,back yard,后花园,deck,露台,,,,,,, 刚 装修 过 的 新房 ， 有 后花园 ，露台 等
892, 停车 ： 有 停车场 ， 但是 需要 交 fee 。,1,fee,费用,,,,,,,,, 停车 ： 有 停车场 ， 但是 需要 交费用 。
893, 欢迎 email 或者 电话 咨询 信息 照片,1,email,电子邮件,,,,,,,,, 欢迎 电子邮件 或者 电话 咨询 信息 照片
894, html 租金 为 750+electricity,1,html,超文字标记语言,,,,,,,,, 超文字标记语言 租金 为 750+电费
895, 松鼠 山 有 很多 restaurant ， 吃饭 不 发愁 。,1,restaurant,餐厅,,,,,,,,, 松鼠 山 有 很多 餐厅 ， 吃饭 不 发愁 。
896, 距离 giant eagle 只 有 一 个 block ， 购物 方便 。,2,giant eagle,大老鹰,block,街区,,,,,,, 距离 大老鹰 只 有 一 个 街区 ， 购物 方便 。
897, 一 室 一 厅 ， 客厅 招租 ， 并且 有 dining room 。,1,dining room,餐厅,,,,,,,,, 一 室 一 厅 ， 客厅 招租 ， 并且 有 餐厅 。
898, 客厅 面积 很 大 ， 很 明亮 ， 有 自己 的 closet ( 详见 floor plan ),2,closet,衣橱,floor plan,平面图,,,,,,, 客厅 面积 很 大 ， 很 明亮 ， 有 自己 的 衣橱 ( 详见 平面图 )
899, （ 可 google 查看 地理 位置 ）,1,google,谷歌,,,,,,,,, （ 可谷歌 查看 地理 位置 ）
900, 位置 在 murray 和 forward 交叉 路口 附近 ， 方便 上下 374.,2,murray,默里,forward,费伍德,,,,,,, 位置 在 默里 和 费伍德交叉 路口 附近 ， 方便 上下 374.
901, 有 free street parking.,1,free street,免费街,,,,,,,,, 有 免费路边停车
902, 现在 有 位于 bartlett st 的 安静 公寓 中 一 间 卧室 出租 ， 出门 过 马路 即 可 到 giant eagle ， 买 东西 很 方便 。,2,bartlett st,巴雷特街,giant eagle,大老鹰,,,,,,, 现在 有 位于 巴雷特街 的 安静 公寓 中 一 间 卧室 出租 ， 出门 过 马路 即 可 到 大老鹰 ， 买 东西 很 方便 。
903, center tower 一 室 一 厅 招租 。,1,center tower,中央塔,,,,,,,,, 中央塔 一 室 一 厅 招租 。
904, lease 到 2016.,1,lease,合同,,,,,,,,, 合同到 2016.
905, 现有 两 匹 大 master ， 一 男生 一 女生 ， 很 好 相处 。,1,master,硕士,,,,,,,,, 现有 两 匹 大 硕士 ， 一 男生 一 女生 ， 很 好 相处 。
906, 的 studio ， 环境 安静 。,1,studio,工作室,,,,,,,,, 的 工作室， 环境 安静 。
907, 邮箱 jib em@39,1,jib,迹部,,,,,,,,, 邮箱 jib em@39
908, floor plan ( 我 用 模拟 人生 搞 的 = = 就 看 个 结构 吧 实际 颜色 不 是 这样 的 ) 房东 给 我 拍 了 一 段 房子 现在 的 样子 的 视频 可以 发 邮件 问 我 要 ：,1,floor plan,平面图,,,,,,,,, 平面图 ( 我 用 模拟 人生 搞 的 = = 就 看 个 结构 吧 实际 颜色 不 是 这样 的 ) 房东 给 我 拍 了 一 段 房子 现在 的 样子 的 视频 可以 发 邮件 问 我 要 ：
909, floor plan ( 我 用 模拟 人生 搞 的 = = 就 看 个 结构 吧 实际 颜色 不 是 这样 的 ) ：,1,floor plan,平面图,,,,,,,,, 平面图 ( 我 用 模拟 人生 搞 的 = = 就 看 个 结构 吧 实际 颜色 不 是 这样 的 ) ：
910, 这 是 one bedroom apartment .,1,one bedroom apartment,单卧室公寓,,,,,,,,, 这 是 单卧室公寓 .
911, 联系 方式 ： call : pn-20 e-mail : em@40,1,call,电话,,,,,,,,, 联系 方式 ：电话 : pn-20 电子邮箱 : em@40
912, 本人 匹 大 研究生 毕业 ， 在 学校 的 实验室 做 opt ， 男 ， 无 不良 嗜好 。,1,opt,need to translate,,,,,,,,, 本人 匹 大 研究生 毕业 ， 在 学校 的 实验室 做 opt ， 男 ， 无 不良 嗜好 。
913, 有 permit ， 没有 车 ， 但是 想 近期 考 驾照 。,1,permit,许可证,,,,,,,,, 有 许可证 ， 没有 车 ， 但是 想 近期 考 驾照 。
914, 请 再次 确认 一下 微 信号 ， 我 添加 你 时 显示 “ not found ” 。,1,not found,没发现,,,,,,,,, 请 再次 确认 一下 微 信号 ， 我 添加 你 时 显示 “ 查无此人 ” 。
915, 已经 拿到 permit ， 有 车 。,1,permit,许可证,,,,,,,,, 已经 拿到 许可证 ， 有 车 。
916, 位置 ： squirrel hill 附近 。,1,squirrel hill,松鼠山,,,,,,,,, 位置 ：松鼠山 附近 。
917, 你 还 ， 请 问 可以 share 一下 你 教练 的 联系 方式 吗 ？,1,share,分享,,,,,,,,, 你 还 ， 请 问 可以 分享 一下 你 教练 的 联系 方式 吗 ？
918, 我 也 拿到 了 permit ， 最近 想 请 教练 陪练 ， 但 还 没 找到 。,1,permit,许可证,,,,,,,,, 我 也 拿到 了 许可证 ， 最近 想 请 教练 陪练 ， 但 还 没 找到 。
919, 在 每 一 次 booking 客人 走 之后 需要 进行 整理 和 清洁 。,1,booking,租借,,,,,,,,, 在 每 一 次 租借 客人 走 之后 需要 进行 整理 和 清洁 。
920, allen 于 2018-4-25 14:27 编辑,1,allen,阿伦,,,,,,,,, allen 于 2018-4-25 14:27 编辑
921, 大家 好 ， 我 是 匹 大学生 ， 希望 加入 一 个 手机 的 family plan 。,1,family plan,家庭套餐,,,,,,,,, 大家 好 ， 我 是 匹 大学生 ， 希望 加入 一 个 手机 的 家庭套餐 。
922, 豪华 suv 包车 往返 pit 机场 及 匹兹堡 市区,2,suv,城市功能越野车,pit,匹兹堡,,,,,,, 豪华城市功能越野车包车 往返匹兹堡机场 及 匹兹堡 市区
923, 去 ymca 找 一 个 正规 的 吧,1,ymca,need to translate,,,,,,,,, 去 ymca 找 一 个 正规 的 吧
924, area manager 地区 经理,1,area manager,地区管理,,,,,,,,, 地区管理 地区 经理
925, 有 良好 的 沟通 能力 和 时间 观念 ， 团队 意识 强 熟练 应用 电脑 ， excel 表格 ， word 文档 等 基本 办公 软件 应用 有 工作 经验 ， 美国 身份 者 优先 考虑,2,excel,excel,word,word,,,,,,, 有 良好 的 沟通 能力 和 时间 观念 ， 团队 意识 强 熟练 应用 电脑 ， excel 表格 ， word 文档 等 基本 办公 软件 应用 有 工作 经验 ， 美国 身份 者 优先 考虑
926, 朋友 背景 ： 国内 大学 研究生 ， 已 拿到 公司 offer .,1,offer,邀请,,,,,,,,, 朋友 背景 ： 国内 大学 研究生 ， 已 拿到 公司 邀请 .
927, 客服 很 nice ， 丢 单 必 补 ， 从不 赖账 ；,1,nice,好,,,,,,,,, 客服 很 好 ， 丢 单 必 补 ， 从不 赖账 ；
928, 有 permit 和 国内 驾照 ， 希望 有 人 可以 有偿 帮忙 过 一 遍 考试 内容 和 讲 一下 注意 事项 ！,1,permit,许可证,,,,,,,,, 有 许可证 和 国内 驾照 ， 希望 有 人 可以 有偿 帮忙 过 一 遍 考试 内容 和 讲 一下 注意 事项 ！
929, 有 需要 或 加入 att family plan 的 吗 ？,1,att family plan,att 家庭套餐,,,,,,,,, 有 需要 或 加入 att 家庭套餐 的 吗 ？
930, 参加 信息 ， 论坛 详情 见 flyer ！,1,flyer,传单,,,,,,,,, 参加 信息 ， 论坛 详情 见传单 ！
931, 有 permit ， 没有 车 ， 但是 很 需要 近期 考 驾照 。,1,permit,许可证,,,,,,,,, 有 许可证 ， 没有 车 ， 但是 很 需要 近期 考 驾照 。
932, 你们 要 去 哪个 outlet,1,outlet,奥特莱斯,,,,,,,,, 你们 要 去 哪个 奥特莱斯
933, 过往 的 两 次 自从 匹 大 加入 acc 对阵 情况 来看 ， 掌控 比赛 节奏 在 对阵 duke 时 总 显得 那么 的 艰难 。,2,acc,acc,duke,杜克,,,,,,, 过往 的 两 次 自从 匹 大 加入 acc 对阵 情况 来看 ， 掌控 比赛 节奏 在 对阵 杜克 时 总 显得 那么 的 艰难 。
934, 晚上 去 woodbury outlets 。,1,woodbury outlets,伍德百瑞奥特莱斯,,,,,,,,, 晚上 去伍德百瑞奥特莱斯。
935, 大家 找 工作 都 需要 专业 头像 作为 自己 的 profile picture .,1,profile picture,个人资料图片,,,,,,,,, 大家 找 工作 都 需要 专业 头像 作为 自己 的 个人资料图片 .
936, walter's automotive ， 口碑 很好,1,automotive,汽车,,,,,,,,, walter's automotive ， 口碑 很好
937, target 就 可以,1,target,塔吉特,,,,,,,,, 塔吉特 就 可以
938, 还有 pittsburgh custom darkroom :,1,pittsburgh custom darkroom,匹兹堡定制暗室,,,,,,,,, 还有 匹兹堡定制暗室 :
939, > 通过 校园 里 的 emergency 报警 系统,1,emergency,紧急的,,,,,,,,, > 通过 校园 里 的 紧急的 报警 系统
940, remain calm 冷静,1,remain calm,保持冷静,,,,,,,,, 保持冷静 冷静
941, use good judgment 机智,1,use good judgment,善用判断力,,,,,,,,, 善用判断力 机智
943, south oakland 的 bates street 以西 - - hill district,3,south oakland,南奥克兰,bates street,贝茨街,hill district,希尔区,,,,, 南奥克兰 的贝茨街 以西 - -希尔区
944, west oakland 的 robinson street 西 南面 -- terrace village,3,west oakland,西奥克兰,robinson street,罗宾逊街,terrace village,露台村,,,,, 西奥克兰 的 罗宾逊街西 南面 -- 露台村
945, trees 周五 大概 是 几 点 ？,1,trees,树,,,,,,,,, 树周五 大概 是 几 点 ？
946, 另外 peterson 是 哪里 .,1,peterson,佩特森,,,,,,,,, 另外 佩特森 是 哪里 .
947, 然后 就 可以 email 群发 附近 的 dealer 要求 报价 ， 然后 让 他们 互相 beat 。,3,email,电子邮件,dealer,卖家,beat,竞价,,,,, 然后 就 可以 电子邮件 群发 附近 的 卖家 要求 报价 ， 然后 让 他们 互相 竞价 。
948, liability : 你 的 责任 事故 给 别人 造成 的 经济 损失 和 医疗 费用 。,1,liability,责任险,,,,,,,,, 责任险 : 你 的 责任 事故 给 别人 造成 的 经济 损失 和 医疗 费用 。
949, 以上 是 对 保险 的 概述 ， 各 公司 的 coverage 条款 中 会 有 细微 差别 。,1,coverage,包含,,,,,,,,, 以上 是 对 保险 的 概述 ， 各 公司 的 涵盖 条款 中 会 有 细微 差别 。
950, 所谓 全 保 和 半 保 的 区别 ， 主要 是 指 是否 有 collision ， 因为 只有 liability 和 collision 比较 贵 。,3,collision,碰撞险,liability,责任险,collision,碰撞险,,,,, 所谓 全 保 和 半 保 的 区别 ， 主要 是 指 是否 有 碰撞险 ， 因为 只有 责任险 和 碰撞险 比较 贵 。
951, 航空 公司 xx airlines,1,xx airlines,XX 航空,,,,,,,,, 航空 公司 XX 航空
952, pasta 意大利 面 rice 米饭 noodle 面条 / 炒面,3,pasta,意面,rice,饭,noodle,面条,,,,, 意面 意大利 面 饭 米饭 面条 面条 / 炒面
954, toilet 厕所 excuse me.,2,toilet,厕所,excuse,对不起,,,,,,, 厕所 对不起，请问厕所在哪儿.
955, 我 儿子 的 毕业 典礼 my son ’ s graduation ceremony,2,my son,我的儿子,s graduation ceremony,毕业典礼,,,,,,, 我 儿子 的 毕业 典礼 我 儿子 的 毕业 典礼
956, 照相 take photo/picture,1,take,拿,,,,,,,,, 照相 照相
957, 我 不 懂 sorry i don ’t understand,2,sorry i don,对不起我不,understand,明白,,,,,,, 我 不 懂 对不起我不明白
958, 我 不 说 英语 sorry i don ’ t speak english,2,sorry i don,对不起我不,t speak english,说英文,,,,,,, 我 不 说 英语 对不起我不说英文
959, 行李 传送带 luggage claim ;,1,luggage claim,行李带,,,,,,,,, 行李 传送带 行李带 ;
960, baggage claim 国际 出港 international departure,2,baggage claim,行李带,international departure,国际出发,,,,,,, 行李带 国际 出港 国际出发
961, 国内 出港 domestic departure 国际 旅客 international passengers,2,domestic departure,国内出发,international passengers,国际旅客,,,,,,, 国内 出港 国内出发 国际 旅客 国际旅客
962, 转机 transfer 转机 旅客 transfer passengers,2,transfer,转机,transfer passengers,转机旅客,,,,,,, 转机转机 转机 旅客转机旅客
963, 入口 in 出口 exit ;,2,in,进入,exit,出口,,,,,,, 入口 进入 出口 出口 ;
964, 厕所 toilet ， restroom 正点 on time 延误 、 推迟 delayed,4,toilet,厕所,restroom,厕所,on time,正点,delayed,延误,,, 厕所厕所， 厕所 ；正点 正点 延误 、 推迟 推迟
965, 姓 family name ， last name ， surname 名 first name,4,family name,姓,last name,姓,surname,姓,first name,名,,, 姓 姓， 姓 ， 姓 名 名
966, 下 一 页 是 给 海关 官员 的 信 ， 打出 来 之后 带着 ， 过关 的 时候 他 可能 会 问 ： what ’ s your purpose of this visit ?,2,what,什么,s your purpose of this visit,是你来这里访问的目的,,,,,,, 下 一 页 是 给 海关 官员 的 信 ， 打出 来 之后 带着 ， 过关 的 时候 他 可能 会 问 ： 你为什么来访问美国
967, （ 你 为何 来 美国 ， 你 在 美国 住 哪里 ， 等等 ） 告诉 他 i don ’ t speak english ， but please take a look at this .,3,i don,我不,t speak english,说英语,but please take a look at this,但是请看看这个,,,,, （ 你 为何 来 美国 ， 你 在 美国 住 哪里 ， 等等 ） 告诉 他 我不会说英语但是请你看看这个
968, august 7-9 : 餐馆 预演 ， 就是 早 去 有 优惠 哦,1,august,八月,,,,,,,,, 八月 7-9 : 餐馆 预演 ， 就是 早 去 有 优惠 哦
969, august 10-16 ： 就 是 正式 的 餐馆 周 啦,1,august,八月,,,,,,,,, 八月 10-16 ： 就 是 正式 的 餐馆 周 啦
970, google 点 图 ， 电脑 里 都 没有 了 。,1,google,谷歌,,,,,,,,, 谷歌点 图 ， 电脑 里 都 没有 了 。
971, 山上 有 很多 家 高大 上 的 餐厅 ， 我 最 喜欢 的 一 家 是 monterey bay fish grotto ， view 给 满分 。,2,monterey bay fish grotto,默特利尔海湾鱼窟,view,风景,,,,,,, 山上 有 很多 家 高大 上 的 餐厅 ， 我 最 喜欢 的 一 家 是 默特利尔海湾鱼窟 ， 风景 给 满分 。
972, downtown 有 个 公寓 叫 washington plaza ， view 啊 户型 啊 ， 都 极 好 ， 没有 车 也 有 公交 ， 车位 充足 生活 便利 。,3,downtown,市区,washington plaza,华盛顿广场,view,风景,,,,, 市区 有 个 公寓 叫 华盛顿广场， 风景 啊 户型 啊 ， 都 极 好 ， 没有 车 也 有 公交 ， 车位 充足 生活 便利 。
