"Worker ID","Link to Individual Worker Page","Number of HITs approved or rejected - Lifetime","Number of HITs approved - Lifetime","Your Lifetime approval rate","Number of HITs approved or rejected - Last 30 days","Number of HITs approved - Last 30 days","Your Last 30 days approval rate","Number of HITs approved or rejected - Last 7 days","Number of HITs approved - Last 7 days","Your Last 7 days approval rate","CURRENT-worker","UPDATE-worker","CURRENT-set_9","UPDATE-set_9","CURRENT-set_8","UPDATE-set_8","CURRENT-set_7","UPDATE-set_7","CURRENT-set_6","UPDATE-set_6","CURRENT-set_5","UPDATE-set_5","CURRENT-set_4","UPDATE-set_4","CURRENT-set_3","UPDATE-set_3","CURRENT-set_24","UPDATE-set_24","CURRENT-set_23","UPDATE-set_23","CURRENT-set_22","UPDATE-set_22","CURRENT-set_21","UPDATE-set_21","CURRENT-set_20","UPDATE-set_20","CURRENT-set_2","UPDATE-set_2","CURRENT-set_19","UPDATE-set_19","CURRENT-set_18","UPDATE-set_18","CURRENT-set_17","UPDATE-set_17","CURRENT-set_16","UPDATE-set_16","CURRENT-set_15","UPDATE-set_15","CURRENT-set_14","UPDATE-set_14","CURRENT-set_13","UPDATE-set_13","CURRENT-set_12","UPDATE-set_12","CURRENT-set_11","UPDATE-set_11","CURRENT-set_10","UPDATE-set_10","CURRENT-set_1","UPDATE-set_1","CURRENT-set_0","UPDATE-set_0","CURRENT BlockStatus","UPDATE BlockStatus","BlockReason"
"A119XB4OETWU59","https://requester.mturk.com/workers/A119XB4OETWU59","0","0","0.00%","0","0","0.00%","0","0","0.00%","","","","","","","","","","","","","","","","","","","","","","","","","","","","","","","","","","","","","","","","","","","","","","","","","","","","","Never Blocked","",""
"A11DIVCBTYFDV4","https://requester.mturk.com/workers/A11DIVCBTYFDV4","0","0","0.00%","0","0","0.00%","0","0","0.00%","","","","","","","","","","","","","","","","","","","","","","","","","","","","","","","","","","","","","","","","","","","","","","","","","","","","","Never Blocked","",""
"A11DMDES6H8XDK","https://requester.mturk.com/workers/A11DMDES6H8XDK","1","1","100.00%","1","1","100.00%","1","1","100.00%","","","","","","","","","","","","","","","","","","","","","","","","","","","","","","","","","","","","","","","","","","","","","","","","","","","","","Never Blocked","",""
"A11SJII03WX2Q0","https://requester.mturk.com/workers/A11SJII03WX2Q0","0","0","0.00%","0","0","0.00%","0","0","0.00%","","","","","","","","","","","","","","","","","","","","","","","","","","","","","","","","","","","","","","","","","","","","","","","","","","","","","Never Blocked","",""
"A11SWVGXLZCTQF","https://requester.mturk.com/workers/A11SWVGXLZCTQF","2","1","50.00%","2","1","50.00%","1","0","0.00%","","","","","","","","","","","","","","","","","","","","","","","","","","","","","","","","","","","","","","","","","","","","","","","","","","","","","Never Blocked","",""
"A12E78UO74F1VV","https://requester.mturk.com/workers/A12E78UO74F1VV","0","0","0.00%","0","0","0.00%","0","0","0.00%","","","","","","","","","","","","","","","","","","","","","","","","","","","","","","","","","","","","","","","","","","","","","","","","","","","","","Never Blocked","",""
"A12V2IEWROX7ZQ","https://requester.mturk.com/workers/A12V2IEWROX7ZQ","3","3","100.00%","3","3","100.00%","2","2","100.00%","","","","","","","","","","","","","","","","","","","","","","","","","","","","","","","","","","","","","","","","","","","","","","","","","","","","","Never Blocked","",""
"A12VVC5C5Y53VZ","https://requester.mturk.com/workers/A12VVC5C5Y53VZ","1","1","100.00%","1","1","100.00%","0","0","0.00%","","","","","","","","","","","","","","","","","","","","","","","","","","","","","","","","","","","","","","","","","","","","","","","","","","","","","Unblocked","",""
"A13CLN8L5HFT46","https://requester.mturk.com/workers/A13CLN8L5HFT46","0","0","0.00%","0","0","0.00%","0","0","0.00%","","","","","","","","","","","","","","","","","","","","","","","","","","","","","","","","","","","","","","","","","","","","","","","","","","","","","Never Blocked","",""
"A13O7MR3K9JTC4","https://requester.mturk.com/workers/A13O7MR3K9JTC4","1","1","100.00%","1","1","100.00%","0","0","0.00%","1","","","","","","","","","","","","","","","","","","","","","","","","","","","","","","","","","","","","","","","","","","","","","","","","","","","","Never Blocked","",""
"A140XN7L1R36F3","https://requester.mturk.com/workers/A140XN7L1R36F3","0","0","0.00%","0","0","0.00%","0","0","0.00%","","","","","","","","","","","","","","","","","","","","","","","","","","","","","","","","","","","","","","","","","","","","","","","","","","","","","Never Blocked","",""
"A14307ETZEG3A8","https://requester.mturk.com/workers/A14307ETZEG3A8","1","1","100.00%","1","1","100.00%","1","1","100.00%","","","","","","","","","","","","","","","","","","","","","","","","","","","","","","","","","","","","","","","","","","","","","","","","","","","","","Never Blocked","",""
"A14N7TK3CEQVAE","https://requester.mturk.com/workers/A14N7TK3CEQVAE","1","1","100.00%","1","1","100.00%","1","1","100.00%","","","","","","","","","","","","","","","","","","","","","","","","","","","","","","","","","","","","","","","","","","","","","","","","","","","","","Never Blocked","",""
"A14R4R8CKF1U4R","https://requester.mturk.com/workers/A14R4R8CKF1U4R","1","1","100.00%","1","1","100.00%","0","0","0.00%","","","","","","","","","","","","","","","","","","","","","","","","","","","","","","","","","","","","","","","","","","","","","","","","","","","","","Unblocked","",""
"A15YV1SQ5GJGP9","https://requester.mturk.com/workers/A15YV1SQ5GJGP9","1","1","100.00%","1","1","100.00%","0","0","0.00%","","","","","","","","","","","","","","","","","","","","","","","","","","","","","","","","","","","","","","","","","","","","","","","","","","","","","Unblocked","",""
"A16JMJHOUC2MGE","https://requester.mturk.com/workers/A16JMJHOUC2MGE","1","1","100.00%","1","1","100.00%","1","1","100.00%","","","","","","","","","","","","","","","","","","","","","","","","","","","","","","","","","","","","","","","","","","","","","","","","","","","","","Never Blocked","",""
"A16XI3JQN3EWLZ","https://requester.mturk.com/workers/A16XI3JQN3EWLZ","1","1","100.00%","1","1","100.00%","0","0","0.00%","","","","","","","","","","","","","","","","","","","","","","","","","","","","","","","","","","","","","","","","","","","","","","","","","","","","","Unblocked","",""
"A16ZXNUKUPMH4","https://requester.mturk.com/workers/A16ZXNUKUPMH4","1","1","100.00%","1","1","100.00%","0","0","0.00%","","","","","","","","","","","","","","","","","","","","","","","","","","","","","","","","","","","","","","","","","","","","","","","","","","","","","Unblocked","",""
"A171ARPSKRJB93","https://requester.mturk.com/workers/A171ARPSKRJB93","1","1","100.00%","1","1","100.00%","0","0","0.00%","","","","","","","","","","","","","","","","","","","","","","","","","","","","","","","","","","","","","","","","","","","","","","","","","","","","","Unblocked","",""
"A17U9QHSXQACH4","https://requester.mturk.com/workers/A17U9QHSXQACH4","1","1","100.00%","1","1","100.00%","0","0","0.00%","","","","","","","","","","","","","","","","","","","","","","","","","","","","","","","","","","","","","","","","","","","","","","","","","","","","","Unblocked","",""
"A17VD2A6755FFG","https://requester.mturk.com/workers/A17VD2A6755FFG","0","0","0.00%","0","0","0.00%","0","0","0.00%","","","","","","","","","","","","","","","","","","","","","","","","","","","","","","","","","","","","","","","","","","","","","","","","","","","","","Never Blocked","",""
"A182N7RLXGSCZG","https://requester.mturk.com/workers/A182N7RLXGSCZG","3","2","66.67%","3","2","66.67%","2","1","50.00%","","","","","","","","","","","","","","","","","","","","","","","","","","","","","","","","","","","","","","","","","","","","","","","","","","","","","Never Blocked","",""
"A18EQ7DSCEEXLR","https://requester.mturk.com/workers/A18EQ7DSCEEXLR","1","1","100.00%","1","1","100.00%","0","0","0.00%","","","","","","","","","","","","","","","","","","","","","","","","","","","","","","","","","","","","","","","","","","","","","","","","","","","","","Unblocked","",""
"A18FWUMVW5APB0","https://requester.mturk.com/workers/A18FWUMVW5APB0","1","1","100.00%","1","1","100.00%","0","0","0.00%","","","","","","","","","","","","","","","","","","","","","","","","","","","","","","","","","","","","","","","","","","","","","","","","","","","","","Unblocked","",""
"A18HKVZLIAQCWE","https://requester.mturk.com/workers/A18HKVZLIAQCWE","1","1","100.00%","1","1","100.00%","0","0","0.00%","","","","","","","","","","","","","","","","","","","","","","","","","","","","","","","","","","","","","","","","","","","","","","","","","","","","","Unblocked","",""
"A18WFPSLFV4FKY","https://requester.mturk.com/workers/A18WFPSLFV4FKY","0","0","0.00%","0","0","0.00%","0","0","0.00%","","","","","","","","","","","","","","","","","","","","","","","","","","","","","","","","","","","","","","","","","","","","","","","","","","","","","Never Blocked","",""
"A194DAP95EE1OY","https://requester.mturk.com/workers/A194DAP95EE1OY","0","0","0.00%","0","0","0.00%","0","0","0.00%","","","","","","","","","","","","","","","","","","","","","","","","","","","","","","","","","","","","","","","","","","","","","","","","","","","","","Never Blocked","",""
"A19HCBT1EH8484","https://requester.mturk.com/workers/A19HCBT1EH8484","1","1","100.00%","1","1","100.00%","0","0","0.00%","1","","","","","","","","","","","","","","","","","","","","","","","","","","","","","","","","","","","","","","","","","","","","","","","","","","","","Never Blocked","",""
"A1A1ZXUVSV4YR8","https://requester.mturk.com/workers/A1A1ZXUVSV4YR8","1","1","100.00%","1","1","100.00%","0","0","0.00%","","","","","","","","","","","","","","","","","","","","","","","","","","","","","","","","","","","","","","","","","","","","","","","","","","","","","Unblocked","",""
"A1BDH3O29OKARK","https://requester.mturk.com/workers/A1BDH3O29OKARK","1","1","100.00%","1","1","100.00%","0","0","0.00%","","","","","","","","","","","","","","","","","","","","","","","","","","","","","","","","","","","","","","","","","","","","","","","","","","","","","Unblocked","",""
"A1BF1W2XN5BWFQ","https://requester.mturk.com/workers/A1BF1W2XN5BWFQ","1","1","100.00%","1","1","100.00%","0","0","0.00%","","","","","","","","","","","","","","","","","","","","","","","","","","","","","","","","","","","","","","","","","","","","","","","","","","","","","Unblocked","",""
"A1BQKP971LFCYL","https://requester.mturk.com/workers/A1BQKP971LFCYL","1","1","100.00%","1","1","100.00%","0","0","0.00%","","","","","","","","","","","","","","","","","","","","","","","","","","","","","","","","","","","","","","","","","","","","","","","","","","","","","Unblocked","",""
"A1BTS5I89BDTX3","https://requester.mturk.com/workers/A1BTS5I89BDTX3","1","1","100.00%","1","1","100.00%","1","1","100.00%","","","","","","","","","","","","","","","","","","","","","","","","","","","","","","","","","","","","","","","","","","","","","","","","","","","","","Never Blocked","",""
"A1CJQ1MCXPRR2L","https://requester.mturk.com/workers/A1CJQ1MCXPRR2L","1","1","100.00%","1","1","100.00%","0","0","0.00%","","","","","","","","","","","","","","","","","","","","","","","","","","","","","","","","","","","","","","","","","","","","","","","","","","","","","Unblocked","",""
"A1DCC7NDRUZZ6W","https://requester.mturk.com/workers/A1DCC7NDRUZZ6W","1","1","100.00%","1","1","100.00%","1","1","100.00%","","","","","","","","","","","","","","","","","","","","","","","","","","","","","","","","","","","","","","","","","","","","","","","","","","","","","Never Blocked","",""
"A1DXYZ9EW2R6DT","https://requester.mturk.com/workers/A1DXYZ9EW2R6DT","1","1","100.00%","1","1","100.00%","0","0","0.00%","","","","","","","","","","","","","","","","","","","","","","","","","","","","","","","","","","","","","","","","","","","","","","","","","","","","","Unblocked","",""
"A1E8PIR82KIJEP","https://requester.mturk.com/workers/A1E8PIR82KIJEP","0","0","0.00%","0","0","0.00%","0","0","0.00%","","","","","","","","","","","","","","","","","","","","","","","","","","","","","","","","","","","","","","","","","","","","","","","","","","","","","Never Blocked","",""
"A1EK8YNHZHTW1J","https://requester.mturk.com/workers/A1EK8YNHZHTW1J","1","1","100.00%","1","1","100.00%","0","0","0.00%","","","","","","","","","","","","","","","","","","","","","","","","","","","","","","","","","","","","","","","","","","","","","","","","","","","","","Unblocked","",""
"A1G43CWUW76IXU","https://requester.mturk.com/workers/A1G43CWUW76IXU","0","0","0.00%","0","0","0.00%","0","0","0.00%","","","","","","","","","","","","","","","","","","","","","","","","","","","","","","","","","","","","","","","","","","","","","","","","","","","","","Never Blocked","",""
"A1G7BBC1DT0YZ6","https://requester.mturk.com/workers/A1G7BBC1DT0YZ6","1","1","100.00%","1","1","100.00%","1","1","100.00%","","","","","","","","","","","","","","","","","","","","","","","","","","","","","","","","","","","","","","","","","","","","","","","","","","","","","Never Blocked","",""
"A1GPGAMK4T49TW","https://requester.mturk.com/workers/A1GPGAMK4T49TW","1","1","100.00%","1","1","100.00%","0","0","0.00%","","","","","","","","","","","","","","","","","","","","","","","","","","","","","","","","","","","","","","","","","","","","","","","","","","","","","Unblocked","",""
"A1IAMFWEE5O3RG","https://requester.mturk.com/workers/A1IAMFWEE5O3RG","1","1","100.00%","1","1","100.00%","0","0","0.00%","","","","","","","","","","","","","","","","","","","","","","","","","","","","","","","","","","","","","","","","","","","","","","","","","","","","","Unblocked","",""
"A1J313G71CD52Z","https://requester.mturk.com/workers/A1J313G71CD52Z","1","1","100.00%","1","1","100.00%","1","1","100.00%","","","","","","","","","","","","","","","","","","","","","","","","","","","","","","","","","","","","","","","","","","","","","","","","","","","","","Never Blocked","",""
"A1JGZD9FUDYJ30","https://requester.mturk.com/workers/A1JGZD9FUDYJ30","1","1","100.00%","1","1","100.00%","0","0","0.00%","","","","","","","","","","","","","","","","","","","","","","","","","","","","","","","","","","","","","","","","","","","","","","","","","","","","","Unblocked","",""
"A1JKXJ8OSXAZLM","https://requester.mturk.com/workers/A1JKXJ8OSXAZLM","0","0","0.00%","0","0","0.00%","0","0","0.00%","","","","","","","","","","","","","","","","","","","","","","","","","","","","","","","","","","","","","","","","","","","","","","","","","","","","","Never Blocked","",""
"A1K1YOUOJ2P57H","https://requester.mturk.com/workers/A1K1YOUOJ2P57H","1","1","100.00%","1","1","100.00%","1","1","100.00%","","","","","","","","","","","","","","","","","","","","","","","","","","","","","","","","","","","","","","","","","","","","","","","","","","","","","Never Blocked","",""
"A1KHD0O007P9DO","https://requester.mturk.com/workers/A1KHD0O007P9DO","1","1","100.00%","1","1","100.00%","0","0","0.00%","","","","","","","","","","","","","","","","","","","","","","","","","","","","","","","","","","","","","","","","","","","","","","","","","","","","","Unblocked","",""
"A1KVE1E8ZON2F7","https://requester.mturk.com/workers/A1KVE1E8ZON2F7","1","1","100.00%","1","1","100.00%","0","0","0.00%","","","","","","","","","","","","","","","","","","","","","","","","","","","","","","","","","","","","","","","","","","","","","","","","","","","","","Unblocked","",""
"A1L1S0IAPZB4MO","https://requester.mturk.com/workers/A1L1S0IAPZB4MO","1","1","100.00%","1","1","100.00%","0","0","0.00%","","","","","","","","","","","","","","","","","","","","","","","","","","","","","","","","","","","","","","","","","","","","","","","","","","","","","Unblocked","",""
"A1LTTRLF76BM82","https://requester.mturk.com/workers/A1LTTRLF76BM82","0","0","0.00%","0","0","0.00%","0","0","0.00%","","","","","","","","","","","","","","","","","","","","","","","","","","","","","","","","","","","","","","","","","","","","","","","","","","","","","Never Blocked","",""
"A1M2QISNG1O7K8","https://requester.mturk.com/workers/A1M2QISNG1O7K8","1","1","100.00%","1","1","100.00%","0","0","0.00%","","","","","","","","","","","","","","","","","","","","","","","","","","","","","","","","","","","","","","","","","","","","","","","","","","","","","Never Blocked","",""
"A1M52J1BIO1O2V","https://requester.mturk.com/workers/A1M52J1BIO1O2V","1","1","100.00%","1","1","100.00%","0","0","0.00%","","","","","","","","","","","","","","","","","","","","","","","","","","","","","","","","","","","","","","","","","","","","","","","","","","","","","Unblocked","",""
"A1MGYU8MBQSFKS","https://requester.mturk.com/workers/A1MGYU8MBQSFKS","0","0","0.00%","0","0","0.00%","0","0","0.00%","","","","","","","","","","","","","","","","","","","","","","","","","","","","","","","","","","","","","","","","","","","","","","","","","","","","","Never Blocked","",""
"A1MWYS9YMR5MGQ","https://requester.mturk.com/workers/A1MWYS9YMR5MGQ","1","1","100.00%","1","1","100.00%","0","0","0.00%","","","","","","","","","","","","","","","","","","","","","","","","","","","","","","","","","","","","","","","","","","","","","","","","","","","","","Unblocked","",""
"A1NZ4BJK085UI7","https://requester.mturk.com/workers/A1NZ4BJK085UI7","1","1","100.00%","1","1","100.00%","0","0","0.00%","","","","","","","","","","","","","","","","","","","","","","","","","","","","","","","","","","","","","","","","","","","","","","","","","","","","","Unblocked","",""
"A1O4AAQX2KCD3N","https://requester.mturk.com/workers/A1O4AAQX2KCD3N","1","1","100.00%","1","1","100.00%","1","1","100.00%","","","","","","","","","","","","","","","","","","","","","","","","","","","","","","","","","","","","","","","","","","","","","","","","","","","","","Never Blocked","",""
"A1O6NAOVMJ1XVC","https://requester.mturk.com/workers/A1O6NAOVMJ1XVC","1","1","100.00%","1","1","100.00%","0","0","0.00%","","","","","","","","","","","","","","","","","","","","","","","","","","","","","","","","","","","","","","","","","","","","","","","","","","","","","Unblocked","",""
"A1ODFH3XNVEVZ1","https://requester.mturk.com/workers/A1ODFH3XNVEVZ1","0","0","0.00%","0","0","0.00%","0","0","0.00%","","","","","","","","","","","","","","","","","","","","","","","","","","","","","","","","","","","","","","","","","","","","","","","","","","","","","Never Blocked","",""
"A1OJ8IJAEIWL9T","https://requester.mturk.com/workers/A1OJ8IJAEIWL9T","0","0","0.00%","0","0","0.00%","0","0","0.00%","","","","","","","","","","","","","","","","","","","","","","","","","","","","","","","","","","","","","","","","","","","","","","","","","","","","","Never Blocked","",""
"A1OUX27FOYXKZ9","https://requester.mturk.com/workers/A1OUX27FOYXKZ9","1","1","100.00%","1","1","100.00%","1","1","100.00%","1","","","","","","","","","","","","","","","","","","","","","","","","","","","","","","","","","","","","","","","","","","","","","","","","","","","","Never Blocked","",""
"A1P0SZ4C7PLX7K","https://requester.mturk.com/workers/A1P0SZ4C7PLX7K","0","0","0.00%","0","0","0.00%","0","0","0.00%","","","","","","","","","","","","","","","","","","","","","","","","","","","","","","","","","","","","","","","","","","","","","","","","","","","","","Never Blocked","",""
"A1PFJ5ACN1S55A","https://requester.mturk.com/workers/A1PFJ5ACN1S55A","1","1","100.00%","1","1","100.00%","0","0","0.00%","","","","","","","","","","","","","","","","","","","","","","","","","","","","","","","","","","","","","","","","","","","","","","","","","","","","","Unblocked","",""
"A1PNDILZWOX425","https://requester.mturk.com/workers/A1PNDILZWOX425","1","1","100.00%","1","1","100.00%","0","0","0.00%","","","","","","","","","","","","","","","","","","","","","","","","","","","","","","","","","","","","","","","","","","","","","","","","","","","","","Never Blocked","",""
"A1POBG27PTO9DX","https://requester.mturk.com/workers/A1POBG27PTO9DX","1","1","100.00%","1","1","100.00%","1","1","100.00%","","","","","","","","","","","","","","","","","","","","","","","","","","","","","","","","","","","","","","","","","","","","","","","","","","","","","Never Blocked","",""
"A1PZAF4E3K4PQ3","https://requester.mturk.com/workers/A1PZAF4E3K4PQ3","1","1","100.00%","1","1","100.00%","1","1","100.00%","","","","","","","","","","","","","","","","","","","","","","","","","","","","","","","","","","","","","","","","","","","","","","","","","","","","","Never Blocked","",""
"A1QDQU3TJHQYAU","https://requester.mturk.com/workers/A1QDQU3TJHQYAU","1","1","100.00%","1","1","100.00%","0","0","0.00%","","","","","","","","","","","","","","","","","","","","","","","","","","","","","","","","","","","","","","","","","","","","","","","","","","","","","Unblocked","",""
"A1R2GKP9RVX5SA","https://requester.mturk.com/workers/A1R2GKP9RVX5SA","1","1","100.00%","1","1","100.00%","0","0","0.00%","","","","","","","","","","","","","","","","","","","","","","","","","","","","","","","","","","","","","","","","","","","","","","","","","","","","","Unblocked","",""
"A1RGKDDAQN68NO","https://requester.mturk.com/workers/A1RGKDDAQN68NO","1","1","100.00%","1","1","100.00%","0","0","0.00%","","","","","","","","","","","","","","","","","","","","","","","","","","","","","","","","","","","","","","","","","","","","","","","","","","","","","Unblocked","",""
"A1RK4PGIIJGBQN","https://requester.mturk.com/workers/A1RK4PGIIJGBQN","1","1","100.00%","1","1","100.00%","0","0","0.00%","","","","","","","","","","","","","","","","","","","","","","","","","","","","","","","","","","","","","","","","","","","","","","","","","","","","","Unblocked","",""
"A1RQ5U07YUVUFF","https://requester.mturk.com/workers/A1RQ5U07YUVUFF","1","1","100.00%","1","1","100.00%","0","0","0.00%","","","","","","","","","","","","","","","","","","","","","","","","","","","","","","","","","","","","","","","","","","","","","","","","","","","","","Unblocked","",""
"A1RV1XCSULL4DK","https://requester.mturk.com/workers/A1RV1XCSULL4DK","1","1","100.00%","1","1","100.00%","0","0","0.00%","","","","","","","","","","","","","","","","","","","","","","","","","","","","","","","","","","","","","","","","","","","","","","","","","","","","","Unblocked","",""
"A1SX9GLTEPQ25T","https://requester.mturk.com/workers/A1SX9GLTEPQ25T","1","1","100.00%","1","1","100.00%","0","0","0.00%","","","","","","","","","","","","","","","","","","","","","","","","","","","","","","","","","","","","","","","","","","","","","","","","","","","","","Unblocked","",""
"A1T6C48OUKTCGC","https://requester.mturk.com/workers/A1T6C48OUKTCGC","0","0","0.00%","0","0","0.00%","0","0","0.00%","","","","","","","","","","","","","","","","","","","","","","","","","","","","","","","","","","","","","","","","","","","","","","","","","","","","","Never Blocked","",""
"A1TB704LFMMB4R","https://requester.mturk.com/workers/A1TB704LFMMB4R","1","1","100.00%","1","1","100.00%","0","0","0.00%","","","","","","","","","","","","","","","","","","","","","","","","","","","","","","","","","","","","","","","","","","","","","","","","","","","","","Unblocked","",""
"A1TW60NCALLP12","https://requester.mturk.com/workers/A1TW60NCALLP12","1","1","100.00%","1","1","100.00%","0","0","0.00%","","","","","","","","","","","","","","","","","","","","","","","","","","","","","","","","","","","","","","","","","","","","","","","","","","","","","Unblocked","",""
"A1WAWEY2810TFN","https://requester.mturk.com/workers/A1WAWEY2810TFN","1","1","100.00%","1","1","100.00%","0","0","0.00%","","","","","","","","","","","","","","","","","","","","","","","","","","","","","","","","","","","","","","","","","","","","","","","","","","","","","Unblocked","",""
"A1X576NYQGAOFT","https://requester.mturk.com/workers/A1X576NYQGAOFT","1","1","100.00%","1","1","100.00%","0","0","0.00%","","","","","","","","","","","","","","","","","","","","","","","","","","","","","","","","","","","","","","","","","","","","","","","","","","","","","Unblocked","",""
"A1X5U8WTTXMS87","https://requester.mturk.com/workers/A1X5U8WTTXMS87","1","1","100.00%","1","1","100.00%","0","0","0.00%","1","","","","","","","","","","","","","","","","","","","","","","","","","","","","","","","","","","","","","","","","","","","","","","","","","","","","Never Blocked","",""
"A1XARUPXWKL2KY","https://requester.mturk.com/workers/A1XARUPXWKL2KY","0","0","0.00%","0","0","0.00%","0","0","0.00%","","","","","","","","","","","","","","","","","","","","","","","","","","","","","","","","","","","","","","","","","","","","","","","","","","","","","Never Blocked","",""
"A1XE81PDQ4YPE","https://requester.mturk.com/workers/A1XE81PDQ4YPE","1","1","100.00%","1","1","100.00%","0","0","0.00%","","","","","","","","","","","","","","","","","","","","","","","","","","","","","","","","","","","","","","","","","","","","","","","","","","","","","Unblocked","",""
"A1ZJFIWRYOIZ4G","https://requester.mturk.com/workers/A1ZJFIWRYOIZ4G","1","1","100.00%","1","1","100.00%","1","1","100.00%","","","","","","","","","","","","","","","","","","","","","","","","","","","","","","","","","","","","","","","","","","","","","","","","","","","","","Never Blocked","",""
"A1ZSKDWK3U7KKR","https://requester.mturk.com/workers/A1ZSKDWK3U7KKR","1","1","100.00%","1","1","100.00%","0","0","0.00%","","","","","","","","","","","","","","","","","","","","","","","","","","","","","","","","","","","","","","","","","","","","","","","","","","","","","Unblocked","",""
"A20MHE48O1SO56","https://requester.mturk.com/workers/A20MHE48O1SO56","1","1","100.00%","1","1","100.00%","0","0","0.00%","","","","","","","","","","","","","","","","","","","","","","","","","","","","","","","","","","","","","","","","","","","","","","","","","","","","","Unblocked","",""
"A20QXCW2IQ1JTI","https://requester.mturk.com/workers/A20QXCW2IQ1JTI","1","1","100.00%","1","1","100.00%","0","0","0.00%","","","","","","","","","","","","","","","","","","","","","","","","","","","","","","","","","","","","","","","","","","","","","","","","","","","","","Unblocked","",""
"A211PFB7AXZMPE","https://requester.mturk.com/workers/A211PFB7AXZMPE","0","0","0.00%","0","0","0.00%","0","0","0.00%","","","","","","","","","","","","","","","","","","","","","","","","","","","","","","","","","","","","","","","","","","","","","","","","","","","","","Never Blocked","",""
"A218NU5B90J6CJ","https://requester.mturk.com/workers/A218NU5B90J6CJ","1","1","100.00%","1","1","100.00%","0","0","0.00%","","","","","","","","","","","","","","","","","","","","","","","","","","","","","","","","","","","","","","","","","","","","","","","","","","","","","Unblocked","",""
"A21BGF9L7LYD93","https://requester.mturk.com/workers/A21BGF9L7LYD93","0","0","0.00%","0","0","0.00%","0","0","0.00%","","","","","","","","","","","","","","","","","","","","","","","","","","","","","","","","","","","","","","","","","","","","","","","","","","","","","Never Blocked","",""
"A22KNHLEDEI42N","https://requester.mturk.com/workers/A22KNHLEDEI42N","1","1","100.00%","1","1","100.00%","0","0","0.00%","","","","","","","","","","","","","","","","","","","","","","","","","","","","","","","","","","","","","","","","","","","","","","","","","","","","","Unblocked","",""
"A22MSGVDN6N18K","https://requester.mturk.com/workers/A22MSGVDN6N18K","1","1","100.00%","1","1","100.00%","0","0","0.00%","","","","","","","","","","","","","","","","","","","","","","","","","","","","","","","","","","","","","","","","","","","","","","","","","","","","","Unblocked","",""
"A22PI3R7TAKVVA","https://requester.mturk.com/workers/A22PI3R7TAKVVA","1","1","100.00%","1","1","100.00%","0","0","0.00%","","","","","","","","","","","","","","","","","","","","","","","","","","","","","","","","","","","","","","","","","","","","","","","","","","","","","Unblocked","",""
"A23NESSAWIXYA5","https://requester.mturk.com/workers/A23NESSAWIXYA5","1","1","100.00%","1","1","100.00%","0","0","0.00%","","","","","","","","","","","","","","","","","","","","","","","","","","","","","","","","","","","","","","","","","","","","","","","","","","","","","Unblocked","",""
"A24JKHC4HTY6CD","https://requester.mturk.com/workers/A24JKHC4HTY6CD","1","1","100.00%","1","1","100.00%","0","0","0.00%","1","","","","","","","","","","","","","","","","","","","","","","","","","","","","","","","","","","","","","","","","","","","","","","","","","","","","Never Blocked","",""
"A24NA8ASZY358P","https://requester.mturk.com/workers/A24NA8ASZY358P","1","1","100.00%","1","1","100.00%","0","0","0.00%","","","","","","","","","","","","","","","","","","","","","","","","","","","","","","","","","","","","","","","","","","","","","","","","","","","","","Unblocked","",""
"A253S5S5GWG94P","https://requester.mturk.com/workers/A253S5S5GWG94P","1","1","100.00%","1","1","100.00%","0","0","0.00%","","","","","","","","","","","","","","","","","","","","","","","","","","","","","","","","","","","","","","","","","","","","","","","","","","","","","Unblocked","",""
"A25E8HG81MZTA9","https://requester.mturk.com/workers/A25E8HG81MZTA9","0","0","0.00%","0","0","0.00%","0","0","0.00%","","","","","","","","","","","","","","","","","","","","","","","","","","","","","","","","","","","","","","","","","","","","","","","","","","","","","Never Blocked","",""
"A275STSZHFODG6","https://requester.mturk.com/workers/A275STSZHFODG6","1","1","100.00%","1","1","100.00%","0","0","0.00%","","","","","","","","","","","","","","","","","","","","","","","","","","","","","","","","","","","","","","","","","","","","","","","","","","","","","Unblocked","",""
"A27GK6AHDNFW5Y","https://requester.mturk.com/workers/A27GK6AHDNFW5Y","1","1","100.00%","1","1","100.00%","0","0","0.00%","","","","","","","","","","","","","","","","","","","","","","","","","","","","","","","","","","","","","","","","","","","","","","","","","","","","","Unblocked","",""
"A2880Y23V0UITQ","https://requester.mturk.com/workers/A2880Y23V0UITQ","1","1","100.00%","1","1","100.00%","0","0","0.00%","","","","","","","","","","","","","","","","","","","","","","","","","","","","","","","","","","","","","","","","","","","","","","","","","","","","","Unblocked","",""
"A28MBKG5QQ0F8H","https://requester.mturk.com/workers/A28MBKG5QQ0F8H","1","1","100.00%","1","1","100.00%","0","0","0.00%","","","","","","","","","","","","","","","","","","","","","","","","","","","","","","","","","","","","","","","","","","","","","","","","","","","","","Unblocked","",""
"A28QUR0QYD2WI7","https://requester.mturk.com/workers/A28QUR0QYD2WI7","1","1","100.00%","1","1","100.00%","0","0","0.00%","","","","","","","","","","","","","","","","","","","","","","","","","","","","","","","","","","","","","","","","","","","","","","","","","","","","","Unblocked","",""
"A29BLVQALSAGAP","https://requester.mturk.com/workers/A29BLVQALSAGAP","1","1","100.00%","1","1","100.00%","0","0","0.00%","","","","","","","","","","","","","","","","","","","","","","","","","","","","","","","","","","","","","","","","","","","","","","","","","","","","","Unblocked","",""
"A29IGBZ9R3C59H","https://requester.mturk.com/workers/A29IGBZ9R3C59H","1","1","100.00%","1","1","100.00%","0","0","0.00%","","","","","","","","","","","","","","","","","","","","","","","","","","","","","","","","","","","","","","","","","","","","","","","","","","","","","Never Blocked","",""
"A2AHXGFXPG6ZSR","https://requester.mturk.com/workers/A2AHXGFXPG6ZSR","1","1","100.00%","1","1","100.00%","1","1","100.00%","","","","","","","","","","","","","","","","","","","","","","","","","","","","","","","","","","","","","","","","","","","","","","","","","","","","","Never Blocked","",""
"A2ASBOP6RG352M","https://requester.mturk.com/workers/A2ASBOP6RG352M","1","1","100.00%","1","1","100.00%","1","1","100.00%","1","","","","","","","","","","","","","","","","","","","","","","","","","","","","","","","","","","","","","","","","","","","","","","","","","","","","Never Blocked","",""
"A2AUPTA83COO9Z","https://requester.mturk.com/workers/A2AUPTA83COO9Z","1","1","100.00%","1","1","100.00%","1","1","100.00%","","","","","","","","","","","","","","","","","","","","","","","","","","","","","","","","","","","","","","","","","","","","","","","","","","","","","Never Blocked","",""
"A2AWT3MLF4ZBVA","https://requester.mturk.com/workers/A2AWT3MLF4ZBVA","1","1","100.00%","1","1","100.00%","0","0","0.00%","","","","","","","","","","","","","","","","","","","","","","","","","","","","","","","","","","","","","","","","","","","","","","","","","","","","","Unblocked","",""
"A2BF2FUO6F63N7","https://requester.mturk.com/workers/A2BF2FUO6F63N7","1","1","100.00%","1","1","100.00%","0","0","0.00%","","","","","","","","","","","","","","","","","","","","","","","","","","","","","","","","","","","","","","","","","","","","","","","","","","","","","Never Blocked","",""
"A2BN750WLJYOV0","https://requester.mturk.com/workers/A2BN750WLJYOV0","0","0","0.00%","0","0","0.00%","0","0","0.00%","","","","","","","","","","","","","","","","","","","","","","","","","","","","","","","","","","","","","","","","","","","","","","","","","","","","","Never Blocked","",""
"A2BVY78YSPZ0C3","https://requester.mturk.com/workers/A2BVY78YSPZ0C3","1","1","100.00%","1","1","100.00%","0","0","0.00%","","","","","","","","","","","","","","","","","","","","","","","","","","","","","","","","","","","","","","","","","","","","","","","","","","","","","Unblocked","",""
"A2BW8H2IGOKBWD","https://requester.mturk.com/workers/A2BW8H2IGOKBWD","1","1","100.00%","1","1","100.00%","1","1","100.00%","","","","","","","","","","","","","","","","","","","","","","","","","","","","","","","","","","","","","","","","","","","","","","","","","","","","","Never Blocked","",""
"A2C33799VENPIP","https://requester.mturk.com/workers/A2C33799VENPIP","1","1","100.00%","1","1","100.00%","0","0","0.00%","","","","","","","","","","","","","","","","","","","","","","","","","","","","","","","","","","","","","","","","","","","","","","","","","","","","","Unblocked","",""
"A2CI95S515N4T4","https://requester.mturk.com/workers/A2CI95S515N4T4","0","0","0.00%","0","0","0.00%","0","0","0.00%","","","","","","","","","","","","","","","","","","","","","","","","","","","","","","","","","","","","","","","","","","","","","","","","","","","","","Never Blocked","",""
"A2CSDDEF3W5XJ1","https://requester.mturk.com/workers/A2CSDDEF3W5XJ1","1","1","100.00%","1","1","100.00%","0","0","0.00%","","","","","","","","","","","","","","","","","","","","","","","","","","","","","","","","","","","","","","","","","","","","","","","","","","","","","Unblocked","",""
"A2DIYZKRJME8Z2","https://requester.mturk.com/workers/A2DIYZKRJME8Z2","1","1","100.00%","1","1","100.00%","0","0","0.00%","","","","","","","","","","","","","","","","","","","","","","","","","","","","","","","","","","","","","","","","","","","","","","","","","","","","","Unblocked","",""
"A2EP7C9FJU1Y6X","https://requester.mturk.com/workers/A2EP7C9FJU1Y6X","1","1","100.00%","1","1","100.00%","0","0","0.00%","","","","","","","","","","","","","","","","","","","","","","","","","","","","","","","","","","","","","","","","","","","","","","","","","","","","","Unblocked","",""
"A2FAKTUX48XA8L","https://requester.mturk.com/workers/A2FAKTUX48XA8L","1","1","100.00%","1","1","100.00%","0","0","0.00%","","","","","","","","","","","","","","","","","","","","","","","","","","","","","","","","","","","","","","","","","","","","","","","","","","","","","Unblocked","",""
"A2FJ8YQ6VHGD2L","https://requester.mturk.com/workers/A2FJ8YQ6VHGD2L","2","1","50.00%","2","1","50.00%","1","0","0.00%","","","","","","","","","","","","","","","","","","","","","","","","","","","","","","","","","","","","","","","","","","","","","","","","","","","","","Never Blocked","",""
"A2GRDXKQMO9AKR","https://requester.mturk.com/workers/A2GRDXKQMO9AKR","1","1","100.00%","1","1","100.00%","0","0","0.00%","","","","","","","","","","","","","","","","","","","","","","","","","","","","","","","","","","","","","","","","","","","","","","","","","","","","","Unblocked","",""
"A2GYHE0G2PMHF7","https://requester.mturk.com/workers/A2GYHE0G2PMHF7","1","1","100.00%","1","1","100.00%","0","0","0.00%","","","","","","","","","","","","","","","","","","","","","","","","","","","","","","","","","","","","","","","","","","","","","","","","","","","","","Unblocked","",""
"A2HG1N3BVQO6I","https://requester.mturk.com/workers/A2HG1N3BVQO6I","1","1","100.00%","1","1","100.00%","0","0","0.00%","","","","","","","","","","","","","","","","","","","","","","","","","","","","","","","","","","","","","","","","","","","","","","","","","","","","","Unblocked","",""
"A2HITRHQ441VHA","https://requester.mturk.com/workers/A2HITRHQ441VHA","1","1","100.00%","1","1","100.00%","0","0","0.00%","1","","","","","","","","","","","","","","","","","","","","","","","","","","","","","","","","","","","","","","","","","","","","","","","","","","","","Never Blocked","",""
"A2IG18D6M0GNUZ","https://requester.mturk.com/workers/A2IG18D6M0GNUZ","0","0","0.00%","0","0","0.00%","0","0","0.00%","","","","","","","","","","","","","","","","","","","","","","","","","","","","","","","","","","","","","","","","","","","","","","","","","","","","","Never Blocked","",""
"A2IICH6KZZB6XF","https://requester.mturk.com/workers/A2IICH6KZZB6XF","1","1","100.00%","1","1","100.00%","0","0","0.00%","","","","","","","","","","","","","","","","","","","","","","","","","","","","","","","","","","","","","","","","","","","","","","","","","","","","","Unblocked","",""
"A2JSIDRTDGDC7T","https://requester.mturk.com/workers/A2JSIDRTDGDC7T","1","1","100.00%","1","1","100.00%","0","0","0.00%","","","","","","","","","","","","","","","","","","","","","","","","","","","","","","","","","","","","","","","","","","","","","","","","","","","","","Unblocked","",""
"A2KEU0SBV3ME8R","https://requester.mturk.com/workers/A2KEU0SBV3ME8R","0","0","0.00%","0","0","0.00%","0","0","0.00%","","","","","","","","","","","","","","","","","","","","","","","","","","","","","","","","","","","","","","","","","","","","","","","","","","","","","Never Blocked","",""
"A2L5E4L43W1YA4","https://requester.mturk.com/workers/A2L5E4L43W1YA4","0","0","0.00%","0","0","0.00%","0","0","0.00%","","","","","","","","","","","","","","","","","","","","","","","","","","","","","","","","","","","","","","","","","","","","","","","","","","","","","Never Blocked","",""
"A2LBH2X1DIWOD","https://requester.mturk.com/workers/A2LBH2X1DIWOD","1","1","100.00%","1","1","100.00%","0","0","0.00%","","","","","","","","","","","","","","","","","","","","","","","","","","","","","","","","","","","","","","","","","","","","","","","","","","","","","Unblocked","",""
"A2LQGFJ4I8B9VU","https://requester.mturk.com/workers/A2LQGFJ4I8B9VU","1","1","100.00%","1","1","100.00%","0","0","0.00%","","","","","","","","","","","","","","","","","","","","","","","","","","","","","","","","","","","","","","","","","","","","","","","","","","","","","Unblocked","",""
"A2MQQ8MU5BYFU3","https://requester.mturk.com/workers/A2MQQ8MU5BYFU3","2","1","50.00%","2","1","50.00%","1","0","0.00%","","","","","","","","","","","","","","","","","","","","","","","","","","","","","","","","","","","","","","","","","","","","","","","","","","","","","Never Blocked","",""
"A2N3CII0CTDP2H","https://requester.mturk.com/workers/A2N3CII0CTDP2H","1","1","100.00%","1","1","100.00%","1","1","100.00%","","","","","","","","","","","","","","","","","","","","","","","","","","","","","","","","","","","","","","","","","","","","","","","","","","","","","Never Blocked","",""
"A2NI2HSU84PHJW","https://requester.mturk.com/workers/A2NI2HSU84PHJW","1","1","100.00%","1","1","100.00%","0","0","0.00%","","","","","","","","","","","","","","","","","","","","","","","","","","","","","","","","","","","","","","","","","","","","","","","","","","","","","Never Blocked","",""
"A2OATZCX1YXE77","https://requester.mturk.com/workers/A2OATZCX1YXE77","0","0","0.00%","0","0","0.00%","0","0","0.00%","","","","","","","","","","","","","","","","","","","","","","","","","","","","","","","","","","","","","","","","","","","","","","","","","","","","","Never Blocked","",""
"A2QKKQA56N8KS4","https://requester.mturk.com/workers/A2QKKQA56N8KS4","1","1","100.00%","1","1","100.00%","0","0","0.00%","","","","","","","","","","","","","","","","","","","","","","","","","","","","","","","","","","","","","","","","","","","","","","","","","","","","","Unblocked","",""
"A2SC7SYQ22RJBR","https://requester.mturk.com/workers/A2SC7SYQ22RJBR","1","1","100.00%","1","1","100.00%","1","1","100.00%","","","","","","","","","","","","","","","","","","","","","","","","","","","","","","","","","","","","","","","","","","","","","","","","","","","","","Never Blocked","",""
"A2SKH7WZUEDGGI","https://requester.mturk.com/workers/A2SKH7WZUEDGGI","0","0","0.00%","0","0","0.00%","0","0","0.00%","","","","","","","","","","","","","","","","","","","","","","","","","","","","","","","","","","","","","","","","","","","","","","","","","","","","","Never Blocked","",""
"A2TZ7IH313CFE1","https://requester.mturk.com/workers/A2TZ7IH313CFE1","1","1","100.00%","1","1","100.00%","0","0","0.00%","","","","","","","","","","","","","","","","","","","","","","","","","","","","","","","","","","","","","","","","","","","","","","","","","","","","","Unblocked","",""
"A2UVGAF2KK0894","https://requester.mturk.com/workers/A2UVGAF2KK0894","1","1","100.00%","1","1","100.00%","0","0","0.00%","","","","","","","","","","","","","","","","","","","","","","","","","","","","","","","","","","","","","","","","","","","","","","","","","","","","","Unblocked","",""
"A2V5XDYKKJVE4C","https://requester.mturk.com/workers/A2V5XDYKKJVE4C","1","1","100.00%","1","1","100.00%","0","0","0.00%","","","","","","","","","","","","","","","","","","","","","","","","","","","","","","","","","","","","","","","","","","","","","","","","","","","","","Never Blocked","",""
"A2V8IQ87DYKZCD","https://requester.mturk.com/workers/A2V8IQ87DYKZCD","1","1","100.00%","1","1","100.00%","1","1","100.00%","","","","","","","","","","","","","","","","","","","","","","","","","","","","","","","","","","","","","","","","","","","","","","","","","","","","","Never Blocked","",""
"A2VNR6984SDFGQ","https://requester.mturk.com/workers/A2VNR6984SDFGQ","0","0","0.00%","0","0","0.00%","0","0","0.00%","","","","","","","","","","","","","","","","","","","","","","","","","","","","","","","","","","","","","","","","","","","","","","","","","","","","","Never Blocked","",""
"A2Z4JNZ06GGQIP","https://requester.mturk.com/workers/A2Z4JNZ06GGQIP","1","1","100.00%","1","1","100.00%","1","1","100.00%","","","","","","","","","","","","","","","","","","","","","","","","","","","","","","","","","","","","","","","","","","","","","","","","","","","","","Never Blocked","",""
"A2Z5Z53HZL34C3","https://requester.mturk.com/workers/A2Z5Z53HZL34C3","1","1","100.00%","1","1","100.00%","0","0","0.00%","1","","","","","","","","","","","","","","","","","","","","","","","","","","","","","","","","","","","","","","","","","","","","","","","","","","","","Never Blocked","",""
"A2ZDQ7YVKJUV8E","https://requester.mturk.com/workers/A2ZDQ7YVKJUV8E","0","0","0.00%","0","0","0.00%","0","0","0.00%","","","","","","","","","","","","","","","","","","","","","","","","","","","","","","","","","","","","","","","","","","","","","","","","","","","","","Never Blocked","",""
"A2ZKMDAQ3XUVCT","https://requester.mturk.com/workers/A2ZKMDAQ3XUVCT","0","0","0.00%","0","0","0.00%","0","0","0.00%","","","","","","","","","","","","","","","","","","","","","","","","","","","","","","","","","","","","","","","","","","","","","","","","","","","","","Never Blocked","",""
"A2ZPIWKNHLR8KC","https://requester.mturk.com/workers/A2ZPIWKNHLR8KC","1","1","100.00%","1","1","100.00%","0","0","0.00%","","","","","","","","","","","","","","","","","","","","","","","","","","","","","","","","","","","","","","","","","","","","","","","","","","","","","Unblocked","",""
"A302512CBCH9X2","https://requester.mturk.com/workers/A302512CBCH9X2","1","1","100.00%","1","1","100.00%","0","0","0.00%","","","","","","","","","","","","","","","","","","","","","","","","","","","","","","","","","","","","","","","","","","","","","","","","","","","","","Unblocked","",""
"A30US88GBGBG0V","https://requester.mturk.com/workers/A30US88GBGBG0V","1","1","100.00%","1","1","100.00%","0","0","0.00%","","","","","","","","","","","","","","","","","","","","","","","","","","","","","","","","","","","","","","","","","","","","","","","","","","","","","Unblocked","",""
"A31A4YKVSOYRVS","https://requester.mturk.com/workers/A31A4YKVSOYRVS","1","1","100.00%","1","1","100.00%","1","1","100.00%","","","","","","","","","","","","","","","","","","","","","","","","","","","","","","","","","","","","","","","","","","","","","","","","","","","","","Never Blocked","",""
"A31QX0ZOIZVQO9","https://requester.mturk.com/workers/A31QX0ZOIZVQO9","1","1","100.00%","1","1","100.00%","0","0","0.00%","","","","","","","","","","","","","","","","","","","","","","","","","","","","","","","","","","","","","","","","","","","","","","","","","","","","","Never Blocked","",""
"A32Q6TNSAG4U3I","https://requester.mturk.com/workers/A32Q6TNSAG4U3I","1","1","100.00%","1","1","100.00%","0","0","0.00%","","","","","","","","","","","","","","","","","","","","","","","","","","","","","","","","","","","","","","","","","","","","","","","","","","","","","Unblocked","",""
"A33E4766E3QD","https://requester.mturk.com/workers/A33E4766E3QD","1","1","100.00%","1","1","100.00%","0","0","0.00%","","","","","","","","","","","","","","","","","","","","","","","","","","","","","","","","","","","","","","","","","","","","","","","","","","","","","Unblocked","",""
"A344SGRYVTUV41","https://requester.mturk.com/workers/A344SGRYVTUV41","1","1","100.00%","1","1","100.00%","0","0","0.00%","","","","","","","","","","","","","","","","","","","","","","","","","","","","","","","","","","","","","","","","","","","","","","","","","","","","","Unblocked","",""
"A36P1ZQ0GYF567","https://requester.mturk.com/workers/A36P1ZQ0GYF567","2","1","50.00%","2","1","50.00%","2","1","50.00%","","","","","","","","","","","","","","","","","","","","","","","","","","","","","","","","","","","","","","","","","","","","","","","","","","","","","Never Blocked","",""
"A36SU2WSQH4JQH","https://requester.mturk.com/workers/A36SU2WSQH4JQH","1","1","100.00%","1","1","100.00%","0","0","0.00%","","","","","","","","","","","","","","","","","","","","","","","","","","","","","","","","","","","","","","","","","","","","","","","","","","","","","Unblocked","",""
"A37MPHPHMGWFQB","https://requester.mturk.com/workers/A37MPHPHMGWFQB","1","1","100.00%","1","1","100.00%","0","0","0.00%","","","","","","","","","","","","","","","","","","","","","","","","","","","","","","","","","","","","","","","","","","","","","","","","","","","","","Unblocked","",""
"A37O5SYY9VWSPY","https://requester.mturk.com/workers/A37O5SYY9VWSPY","1","1","100.00%","1","1","100.00%","0","0","0.00%","","","","","","","","","","","","","","","","","","","","","","","","","","","","","","","","","","","","","","","","","","","","","","","","","","","","","Unblocked","",""
"A37XGTIC952YW4","https://requester.mturk.com/workers/A37XGTIC952YW4","1","1","100.00%","1","1","100.00%","0","0","0.00%","","","","","","","","","","","","","","","","","","","","","","","","","","","","","","","","","","","","","","","","","","","","","","","","","","","","","Unblocked","",""
"A39IGS9NUYEYGL","https://requester.mturk.com/workers/A39IGS9NUYEYGL","1","1","100.00%","1","1","100.00%","1","1","100.00%","","","","","","","","","","","","","","","","","","","","","","","","","","","","","","","","","","","","","","","","","","","","","","","","","","","","","Never Blocked","",""
"A3ALU3V74HQ0P2","https://requester.mturk.com/workers/A3ALU3V74HQ0P2","1","1","100.00%","1","1","100.00%","1","1","100.00%","","","","","","","","","","","","","","","","","","","","","","","","","","","","","","","","","","","","","","","","","","","","","","","","","","","","","Never Blocked","",""
"A3C5EDRV80P0CO","https://requester.mturk.com/workers/A3C5EDRV80P0CO","1","1","100.00%","1","1","100.00%","0","0","0.00%","","","","","","","","","","","","","","","","","","","","","","","","","","","","","","","","","","","","","","","","","","","","","","","","","","","","","Unblocked","",""
"A3CFADK3905MM0","https://requester.mturk.com/workers/A3CFADK3905MM0","1","1","100.00%","1","1","100.00%","0","0","0.00%","","","","","","","","","","","","","","","","","","","","","","","","","","","","","","","","","","","","","","","","","","","","","","","","","","","","","Unblocked","",""
"A3CJ3BSN87874X","https://requester.mturk.com/workers/A3CJ3BSN87874X","1","1","100.00%","1","1","100.00%","1","1","100.00%","","","","","","","","","","","","","","","","","","","","","","","","","","","","","","","","","","","","","","","","","","","","","","","","","","","","","Never Blocked","",""
"A3CLJU5MOOLA5L","https://requester.mturk.com/workers/A3CLJU5MOOLA5L","1","1","100.00%","1","1","100.00%","0","0","0.00%","","","","","","","","","","","","","","","","","","","","","","","","","","","","","","","","","","","","","","","","","","","","","","","","","","","","","Unblocked","",""
"A3CRRFF9J9ZTRO","https://requester.mturk.com/workers/A3CRRFF9J9ZTRO","1","1","100.00%","1","1","100.00%","0","0","0.00%","","","","","","","","","","","","","","","","","","","","","","","","","","","","","","","","","","","","","","","","","","","","","","","","","","","","","Unblocked","",""
"A3DDWZOH9DPSP9","https://requester.mturk.com/workers/A3DDWZOH9DPSP9","1","1","100.00%","1","1","100.00%","0","0","0.00%","","","","","","","","","","","","","","","","","","","","","","","","","","","","","","","","","","","","","","","","","","","","","","","","","","","","","Unblocked","",""
"A3DKFBFK3FA3MA","https://requester.mturk.com/workers/A3DKFBFK3FA3MA","1","1","100.00%","1","1","100.00%","1","1","100.00%","","","","","","","","","","","","","","","","","","","","","","","","","","","","","","","","","","","","","","","","","","","","","","","","","","","","","Never Blocked","",""
"A3DTTYTY970GGC","https://requester.mturk.com/workers/A3DTTYTY970GGC","1","1","100.00%","1","1","100.00%","0","0","0.00%","","","","","","","","","","","","","","","","","","","","","","","","","","","","","","","","","","","","","","","","","","","","","","","","","","","","","Unblocked","",""
"A3F19XZ6NM6AR7","https://requester.mturk.com/workers/A3F19XZ6NM6AR7","1","1","100.00%","1","1","100.00%","0","0","0.00%","","","","","","","","","","","","","","","","","","","","","","","","","","","","","","","","","","","","","","","","","","","","","","","","","","","","","Unblocked","",""
"A3F2OUHPW6L4OZ","https://requester.mturk.com/workers/A3F2OUHPW6L4OZ","1","1","100.00%","1","1","100.00%","1","1","100.00%","","","","","","","","","","","","","","","","","","","","","","","","","","","","","","","","","","","","","","","","","","","","","","","","","","","","","Never Blocked","",""
"A3FHVHURR4H6V1","https://requester.mturk.com/workers/A3FHVHURR4H6V1","1","1","100.00%","1","1","100.00%","0","0","0.00%","","","","","","","","","","","","","","","","","","","","","","","","","","","","","","","","","","","","","","","","","","","","","","","","","","","","","Unblocked","",""
"A3FZLNLVMRPO5Y","https://requester.mturk.com/workers/A3FZLNLVMRPO5Y","1","1","100.00%","1","1","100.00%","0","0","0.00%","","","","","","","","","","","","","","","","","","","","","","","","","","","","","","","","","","","","","","","","","","","","","","","","","","","","","Unblocked","",""
"A3GPHENAT5DWHG","https://requester.mturk.com/workers/A3GPHENAT5DWHG","1","1","100.00%","1","1","100.00%","0","0","0.00%","","","","","","","","","","","","","","","","","","","","","","","","","","","","","","","","","","","","","","","","","","","","","","","","","","","","","Unblocked","",""
"A3HMJTA2S4Q3NQ","https://requester.mturk.com/workers/A3HMJTA2S4Q3NQ","1","1","100.00%","1","1","100.00%","0","0","0.00%","","","","","","","","","","","","","","","","","","","","","","","","","","","","","","","","","","","","","","","","","","","","","","","","","","","","","Unblocked","",""
"A3IRFGLZYMXZ19","https://requester.mturk.com/workers/A3IRFGLZYMXZ19","0","0","0.00%","0","0","0.00%","0","0","0.00%","","","","","","","","","","","","","","","","","","","","","","","","","","","","","","","","","","","","","","","","","","","","","","","","","","","","","Never Blocked","",""
"A3J9L1OHJ07VAO","https://requester.mturk.com/workers/A3J9L1OHJ07VAO","1","1","100.00%","1","1","100.00%","0","0","0.00%","","","","","","","","","","","","","","","","","","","","","","","","","","","","","","","","","","","","","","","","","","","","","","","","","","","","","Unblocked","",""
"A3JC5R5HMP1XSA","https://requester.mturk.com/workers/A3JC5R5HMP1XSA","1","1","100.00%","1","1","100.00%","0","0","0.00%","","","","","","","","","","","","","","","","","","","","","","","","","","","","","","","","","","","","","","","","","","","","","","","","","","","","","Unblocked","",""
"A3K72W67MBZ0AF","https://requester.mturk.com/workers/A3K72W67MBZ0AF","1","1","100.00%","1","1","100.00%","0","0","0.00%","","","","","","","","","","","","","","","","","","","","","","","","","","","","","","","","","","","","","","","","","","","","","","","","","","","","","Unblocked","",""
"A3K7CO1BSDRQ84","https://requester.mturk.com/workers/A3K7CO1BSDRQ84","1","1","100.00%","1","1","100.00%","0","0","0.00%","","","","","","","","","","","","","","","","","","","","","","","","","","","","","","","","","","","","","","","","","","","","","","","","","","","","","Unblocked","",""
"A3LAXVISEH1UYM","https://requester.mturk.com/workers/A3LAXVISEH1UYM","0","0","0.00%","0","0","0.00%","0","0","0.00%","","","","","","","","","","","","","","","","","","","","","","","","","","","","","","","","","","","","","","","","","","","","","","","","","","","","","Never Blocked","",""
"A3LDQA6YZGV6NK","https://requester.mturk.com/workers/A3LDQA6YZGV6NK","1","1","100.00%","1","1","100.00%","0","0","0.00%","","","","","","","","","","","","","","","","","","","","","","","","","","","","","","","","","","","","","","","","","","","","","","","","","","","","","Unblocked","",""
"A3LTZ8MO60ENI3","https://requester.mturk.com/workers/A3LTZ8MO60ENI3","1","1","100.00%","1","1","100.00%","1","1","100.00%","","","","","","","","","","","","","","","","","","","","","","","","","","","","","","","","","","","","","","","","","","","","","","","","","","","","","Never Blocked","",""
"A3MIV3GTJEQ9QP","https://requester.mturk.com/workers/A3MIV3GTJEQ9QP","1","1","100.00%","1","1","100.00%","0","0","0.00%","","","","","","","","","","","","","","","","","","","","","","","","","","","","","","","","","","","","","","","","","","","","","","","","","","","","","Unblocked","",""
"A3MSM9U7PZZI1V","https://requester.mturk.com/workers/A3MSM9U7PZZI1V","0","0","0.00%","0","0","0.00%","0","0","0.00%","","","","","","","","","","","","","","","","","","","","","","","","","","","","","","","","","","","","","","","","","","","","","","","","","","","","","Never Blocked","",""
"A3MZE4FJ658B79","https://requester.mturk.com/workers/A3MZE4FJ658B79","0","0","0.00%","0","0","0.00%","0","0","0.00%","","","","","","","","","","","","","","","","","","","","","","","","","","","","","","","","","","","","","","","","","","","","","","","","","","","","","Never Blocked","",""
"A3N5462QAZ9V6T","https://requester.mturk.com/workers/A3N5462QAZ9V6T","1","1","100.00%","1","1","100.00%","0","0","0.00%","","","","","","","","","","","","","","","","","","","","","","","","","","","","","","","","","","","","","","","","","","","","","","","","","","","","","Unblocked","",""
"A3N5TCHRPQF6P","https://requester.mturk.com/workers/A3N5TCHRPQF6P","1","1","100.00%","1","1","100.00%","0","0","0.00%","","","","","","","","","","","","","","","","","","","","","","","","","","","","","","","","","","","","","","","","","","","","","","","","","","","","","Unblocked","",""
"A3O0XMKVCW76U7","https://requester.mturk.com/workers/A3O0XMKVCW76U7","1","1","100.00%","1","1","100.00%","1","1","100.00%","","","","","","","","","","","","","","","","","","","","","","","","","","","","","","","","","","","","","","","","","","","","","","","","","","","","","Never Blocked","",""
"A3O9WZNVQSQC1S","https://requester.mturk.com/workers/A3O9WZNVQSQC1S","0","0","0.00%","0","0","0.00%","0","0","0.00%","","","","","","","","","","","","","","","","","","","","","","","","","","","","","","","","","","","","","","","","","","","","","","","","","","","","","Never Blocked","",""
"A3OMRMNTOU7QXI","https://requester.mturk.com/workers/A3OMRMNTOU7QXI","1","1","100.00%","1","1","100.00%","0","0","0.00%","","","","","","","","","","","","","","","","","","","","","","","","","","","","","","","","","","","","","","","","","","","","","","","","","","","","","Unblocked","",""
"A3P04JZJNOYILR","https://requester.mturk.com/workers/A3P04JZJNOYILR","1","1","100.00%","1","1","100.00%","1","1","100.00%","","","","","","","","","","","","","","","","","","","","","","","","","","","","","","","","","","","","","","","","","","","","","","","","","","","","","Never Blocked","",""
"A3PEDSLDKU79RH","https://requester.mturk.com/workers/A3PEDSLDKU79RH","1","1","100.00%","1","1","100.00%","0","0","0.00%","","","","","","","","","","","","","","","","","","","","","","","","","","","","","","","","","","","","","","","","","","","","","","","","","","","","","Never Blocked","",""
"A3PSIT0A7OU2FL","https://requester.mturk.com/workers/A3PSIT0A7OU2FL","1","1","100.00%","1","1","100.00%","0","0","0.00%","","","","","","","","","","","","","","","","","","","","","","","","","","","","","","","","","","","","","","","","","","","","","","","","","","","","","Unblocked","",""
"A3Q2SVJQJIC8CE","https://requester.mturk.com/workers/A3Q2SVJQJIC8CE","1","1","100.00%","1","1","100.00%","0","0","0.00%","","","","","","","","","","","","","","","","","","","","","","","","","","","","","","","","","","","","","","","","","","","","","","","","","","","","","Unblocked","",""
"A3QJ8GCXBF3QH7","https://requester.mturk.com/workers/A3QJ8GCXBF3QH7","1","1","100.00%","1","1","100.00%","0","0","0.00%","","","","","","","","","","","","","","","","","","","","","","","","","","","","","","","","","","","","","","","","","","","","","","","","","","","","","Unblocked","",""
"A3ROA3ZV49P484","https://requester.mturk.com/workers/A3ROA3ZV49P484","1","1","100.00%","1","1","100.00%","1","1","100.00%","","","","","","","","","","","","","","","","","","","","","","","","","","","","","","","","","","","","","","","","","","","","","","","","","","","","","Never Blocked","",""
"A3RWDYQD1331VH","https://requester.mturk.com/workers/A3RWDYQD1331VH","1","1","100.00%","1","1","100.00%","0","0","0.00%","","","","","","","","","","","","","","","","","","","","","","","","","","","","","","","","","","","","","","","","","","","","","","","","","","","","","Unblocked","",""
"A3RZXYMT4ZCAS","https://requester.mturk.com/workers/A3RZXYMT4ZCAS","0","0","0.00%","0","0","0.00%","0","0","0.00%","","","","","","","","","","","","","","","","","","","","","","","","","","","","","","","","","","","","","","","","","","","","","","","","","","","","","Never Blocked","",""
"A3SCCV3WKZTB9N","https://requester.mturk.com/workers/A3SCCV3WKZTB9N","1","1","100.00%","1","1","100.00%","1","1","100.00%","","","","","","","","","","","","","","","","","","","","","","","","","","","","","","","","","","","","","","","","","","","","","","","","","","","","","Never Blocked","",""
"A3T00CY2PTYDAW","https://requester.mturk.com/workers/A3T00CY2PTYDAW","1","1","100.00%","1","1","100.00%","0","0","0.00%","","","","","","","","","","","","","","","","","","","","","","","","","","","","","","","","","","","","","","","","","","","","","","","","","","","","","Unblocked","",""
"A3TKUXUTDX6FBF","https://requester.mturk.com/workers/A3TKUXUTDX6FBF","1","1","100.00%","1","1","100.00%","0","0","0.00%","","","","","","","","","","","","","","","","","","","","","","","","","","","","","","","","","","","","","","","","","","","","","","","","","","","","","Unblocked","",""
"A3VMNOYU4TNDNS","https://requester.mturk.com/workers/A3VMNOYU4TNDNS","2","2","100.00%","2","2","100.00%","1","1","100.00%","","","","","","","","","","","","","","","","","","","","","","","","","","","","","","","","","","","","","","","","","","","","","","","","","","","","","Never Blocked","",""
"A3VOMP0WOJTB4I","https://requester.mturk.com/workers/A3VOMP0WOJTB4I","3","3","100.00%","3","3","100.00%","2","2","100.00%","","","","","","","","","","","","","","","","","","","","","","","","","","","","","","","","","","","","","","","","","","","","","","","","","","","","","Never Blocked","",""
"A3VWU0WEB2VD48","https://requester.mturk.com/workers/A3VWU0WEB2VD48","0","0","0.00%","0","0","0.00%","0","0","0.00%","","","","","","","","","","","","","","","","","","","","","","","","","","","","","","","","","","","","","","","","","","","","","","","","","","","","","Never Blocked","",""
"A41VIGPOYTFUH","https://requester.mturk.com/workers/A41VIGPOYTFUH","1","1","100.00%","1","1","100.00%","0","0","0.00%","","","","","","","","","","","","","","","","","","","","","","","","","","","","","","","","","","","","","","","","","","","","","","","","","","","","","Unblocked","",""
"A49MD40UT6ABO","https://requester.mturk.com/workers/A49MD40UT6ABO","1","1","100.00%","1","1","100.00%","1","1","100.00%","","","","","","","","","","","","","","","","","","","","","","","","","","","","","","","","","","","","","","","","","","","","","","","","","","","","","Never Blocked","",""
"A4PFF3LK637YM","https://requester.mturk.com/workers/A4PFF3LK637YM","1","1","100.00%","1","1","100.00%","0","0","0.00%","","","","","","","","","","","","","","","","","","","","","","","","","","","","","","","","","","","","","","","","","","","","","","","","","","","","","Unblocked","",""
"A4V8G43TEWKER","https://requester.mturk.com/workers/A4V8G43TEWKER","1","1","100.00%","1","1","100.00%","0","0","0.00%","","","","","","","","","","","","","","","","","","","","","","","","","","","","","","","","","","","","","","","","","","","","","","","","","","","","","Unblocked","",""
"A4X9Z8DZIW3","https://requester.mturk.com/workers/A4X9Z8DZIW3","1","1","100.00%","1","1","100.00%","0","0","0.00%","","","","","","","","","","","","","","","","","","","","","","","","","","","","","","","","","","","","","","","","","","","","","","","","","","","","","Unblocked","",""
"A5KRHHB3IKU6M","https://requester.mturk.com/workers/A5KRHHB3IKU6M","1","1","100.00%","1","1","100.00%","1","1","100.00%","","","","","","","","","","","","","","","","","","","","","","","","","","","","","","","","","","","","","","","","","","","","","","","","","","","","","Never Blocked","",""
"A5WAWW70PYRP","https://requester.mturk.com/workers/A5WAWW70PYRP","1","1","100.00%","1","1","100.00%","0","0","0.00%","","","","","","","","","","","","","","","","","","","","","","","","","","","","","","","","","","","","","","","","","","","","","","","","","","","","","Never Blocked","",""
"A654E8ZVRD6GM","https://requester.mturk.com/workers/A654E8ZVRD6GM","1","1","100.00%","1","1","100.00%","0","0","0.00%","","","","","","","","","","","","","","","","","","","","","","","","","","","","","","","","","","","","","","","","","","","","","","","","","","","","","Unblocked","",""
"A746183X8258H","https://requester.mturk.com/workers/A746183X8258H","1","1","100.00%","1","1","100.00%","0","0","0.00%","","","","","","","","","","","","","","","","","","","","","","","","","","","","","","","","","","","","","","","","","","","","","","","","","","","","","Unblocked","",""
"A7J4Y6FOPZ8YV","https://requester.mturk.com/workers/A7J4Y6FOPZ8YV","1","1","100.00%","1","1","100.00%","0","0","0.00%","","","","","","","","","","","","","","","","","","","","","","","","","","","","","","","","","","","","","","","","","","","","","","","","","","","","","Unblocked","",""
"A9E9Y0LEAYO4V","https://requester.mturk.com/workers/A9E9Y0LEAYO4V","1","1","100.00%","1","1","100.00%","0","0","0.00%","","","","","","","","","","","","","","","","","","","","","","","","","","","","","","","","","","","","","","","","","","","","","","","","","","","","","Unblocked","",""
"A9WFXKAF1RF5Q","https://requester.mturk.com/workers/A9WFXKAF1RF5Q","2","1","50.00%","2","1","50.00%","2","1","50.00%","1","","","","","","","","","","","","","","","","","","","","","","","","","","","","","","","","","","","","","","","","","","","","","","","","","","","","Never Blocked","",""
"AA0KBNOV3NW2U","https://requester.mturk.com/workers/AA0KBNOV3NW2U","0","0","0.00%","0","0","0.00%","0","0","0.00%","","","","","","","","","","","","","","","","","","","","","","","","","","","","","","","","","","","","","","","","","","","","","","","","","","","","","Never Blocked","",""
"AACQ1P1IWRQXL","https://requester.mturk.com/workers/AACQ1P1IWRQXL","1","1","100.00%","1","1","100.00%","0","0","0.00%","","","","","","","","","","","","","","","","","","","","","","","","","","","","","","","","","","","","","","","","","","","","","","","","","","","","","Unblocked","",""
"AAJ121M08S5KD","https://requester.mturk.com/workers/AAJ121M08S5KD","1","1","100.00%","1","1","100.00%","0","0","0.00%","","","","","","","","","","","","","","","","","","","","","","","","","","","","","","","","","","","","","","","","","","","","","","","","","","","","","Unblocked","",""
"ABRU6XODRFXB5","https://requester.mturk.com/workers/ABRU6XODRFXB5","1","1","100.00%","1","1","100.00%","0","0","0.00%","","","","","","","","","","","","","","","","","","","","","","","","","","","","","","","","","","","","","","","","","","","","","","","","","","","","","Unblocked","",""
"ACBK30I7R42NI","https://requester.mturk.com/workers/ACBK30I7R42NI","2","1","50.00%","2","1","50.00%","2","1","50.00%","","","","","","","","","","","","","","","","","","","","","","","","","","","","","","","","","","","","","","","","","","","","","","","","","","","","","Never Blocked","",""
"ACJ8NDBQ6PHHR","https://requester.mturk.com/workers/ACJ8NDBQ6PHHR","1","1","100.00%","1","1","100.00%","0","0","0.00%","","","","","","","","","","","","","","","","","","","","","","","","","","","","","","","","","","","","","","","","","","","","","","","","","","","","","Unblocked","",""
"ACKF1WBCKVLY3","https://requester.mturk.com/workers/ACKF1WBCKVLY3","1","1","100.00%","1","1","100.00%","0","0","0.00%","","","","","","","","","","","","","","","","","","","","","","","","","","","","","","","","","","","","","","","","","","","","","","","","","","","","","Unblocked","",""
"ACZY7EMNLRDUX","https://requester.mturk.com/workers/ACZY7EMNLRDUX","1","1","100.00%","1","1","100.00%","0","0","0.00%","","","","","","","","","","","","","","","","","","","","","","","","","","","","","","","","","","","","","","","","","","","","","","","","","","","","","Unblocked","",""
"ADF23DLE7JEY2","https://requester.mturk.com/workers/ADF23DLE7JEY2","1","1","100.00%","1","1","100.00%","1","1","100.00%","","","","","","","","","","","","","","","","","","","","","","","","","","","","","","","","","","","","","","","","","","","","","","","","","","","","","Never Blocked","",""
"ADM83RXAAL9OP","https://requester.mturk.com/workers/ADM83RXAAL9OP","0","0","0.00%","0","0","0.00%","0","0","0.00%","","","","","","","","","","","","","","","","","","","","","","","","","","","","","","","","","","","","","","","","","","","","","","","","","","","","","Never Blocked","",""
"ADVCIFLB5A9B","https://requester.mturk.com/workers/ADVCIFLB5A9B","1","1","100.00%","1","1","100.00%","0","0","0.00%","","","","","","","","","","","","","","","","","","","","","","","","","","","","","","","","","","","","","","","","","","","","","","","","","","","","","Unblocked","",""
"AE7V5Q6DX17T","https://requester.mturk.com/workers/AE7V5Q6DX17T","1","1","100.00%","1","1","100.00%","0","0","0.00%","","","","","","","","","","","","","","","","","","","","","","","","","","","","","","","","","","","","","","","","","","","","","","","","","","","","","Unblocked","",""
"AEKJO42PHS7RI","https://requester.mturk.com/workers/AEKJO42PHS7RI","1","1","100.00%","1","1","100.00%","0","0","0.00%","","","","","","","","","","","","","","","","","","","","","","","","","","","","","","","","","","","","","","","","","","","","","","","","","","","","","Unblocked","",""
"AENNICX57FVPI","https://requester.mturk.com/workers/AENNICX57FVPI","1","1","100.00%","1","1","100.00%","1","1","100.00%","","","","","","","","","","","","","","","","","","","","","","","","","","","","","","","","","","","","","","","","","","","","","","","","","","","","","Never Blocked","",""
"AESKW0ROSKQTX","https://requester.mturk.com/workers/AESKW0ROSKQTX","0","0","0.00%","0","0","0.00%","0","0","0.00%","","","","","","","","","","","","","","","","","","","","","","","","","","","","","","","","","","","","","","","","","","","","","","","","","","","","","Never Blocked","",""
"AFUUPNBIKHRFZ","https://requester.mturk.com/workers/AFUUPNBIKHRFZ","1","1","100.00%","1","1","100.00%","1","1","100.00%","","","","","","","","","","","","","","","","","","","","","","","","","","","","","","","","","","","","","","","","","","","","","","","","","","","","","Never Blocked","",""
"AG7HIGV4SPMXP","https://requester.mturk.com/workers/AG7HIGV4SPMXP","1","1","100.00%","1","1","100.00%","1","1","100.00%","","","","","","","","","","","","","","","","","","","","","","","","","","","","","","","","","","","","","","","","","","","","","","","","","","","","","Never Blocked","",""
"AGJTTK50503VZ","https://requester.mturk.com/workers/AGJTTK50503VZ","1","1","100.00%","1","1","100.00%","0","0","0.00%","","","","","","","","","","","","","","","","","","","","","","","","","","","","","","","","","","","","","","","","","","","","","","","","","","","","","Unblocked","",""
"AGKQYSULBNIUV","https://requester.mturk.com/workers/AGKQYSULBNIUV","1","1","100.00%","1","1","100.00%","1","1","100.00%","","","","","","","","","","","","","","","","","","","","","","","","","","","","","","","","","","","","","","","","","","","","","","","","","","","","","Never Blocked","",""
"AH3W6E7W1EU0D","https://requester.mturk.com/workers/AH3W6E7W1EU0D","1","1","100.00%","1","1","100.00%","0","0","0.00%","","","","","","","","","","","","","","","","","","","","","","","","","","","","","","","","","","","","","","","","","","","","","","","","","","","","","Unblocked","",""
"AH9NHR1PJODG1","https://requester.mturk.com/workers/AH9NHR1PJODG1","1","1","100.00%","1","1","100.00%","0","0","0.00%","","","","","","","","","","","","","","","","","","","","","","","","","","","","","","","","","","","","","","","","","","","","","","","","","","","","","Unblocked","",""
"AHFEDGGIOG8DK","https://requester.mturk.com/workers/AHFEDGGIOG8DK","1","1","100.00%","1","1","100.00%","0","0","0.00%","","","","","","","","","","","","","","","","","","","","","","","","","","","","","","","","","","","","","","","","","","","","","","","","","","","","","Unblocked","",""
"AHFGWXN0A2PJM","https://requester.mturk.com/workers/AHFGWXN0A2PJM","1","1","100.00%","1","1","100.00%","1","1","100.00%","","","","","","","","","","","","","","","","","","","","","","","","","","","","","","","","","","","","","","","","","","","","","","","","","","","","","Never Blocked","",""
"AHLS6AZ1VTNH7","https://requester.mturk.com/workers/AHLS6AZ1VTNH7","3","3","100.00%","3","3","100.00%","2","2","100.00%","","","","","","","","","","","","","","","","","","","","","","","","","","","","","","","","","","","","","","","","","","","","","","","","","","","","","Never Blocked","",""
"AI6FQANOH41ZM","https://requester.mturk.com/workers/AI6FQANOH41ZM","1","1","100.00%","1","1","100.00%","0","0","0.00%","","","","","","","","","","","","","","","","","","","","","","","","","","","","","","","","","","","","","","","","","","","","","","","","","","","","","Unblocked","",""
"AIHVLBHJROONN","https://requester.mturk.com/workers/AIHVLBHJROONN","0","0","0.00%","0","0","0.00%","0","0","0.00%","","","","","","","","","","","","","","","","","","","","","","","","","","","","","","","","","","","","","","","","","","","","","","","","","","","","","Never Blocked","",""
"AIIHUC6DCPZAR","https://requester.mturk.com/workers/AIIHUC6DCPZAR","1","1","100.00%","1","1","100.00%","0","0","0.00%","","","","","","","","","","","","","","","","","","","","","","","","","","","","","","","","","","","","","","","","","","","","","","","","","","","","","Unblocked","",""
"AJTHGXBMZJ3HE","https://requester.mturk.com/workers/AJTHGXBMZJ3HE","1","1","100.00%","1","1","100.00%","0","0","0.00%","","","","","","","","","","","","","","","","","","","","","","","","","","","","","","","","","","","","","","","","","","","","","","","","","","","","","Unblocked","",""
"AK6QFFFGHAWE6","https://requester.mturk.com/workers/AK6QFFFGHAWE6","1","1","100.00%","1","1","100.00%","0","0","0.00%","","","","","","","","","","","","","","","","","","","","","","","","","","","","","","","","","","","","","","","","","","","","","","","","","","","","","Unblocked","",""
"AKH3FBPEXXT51","https://requester.mturk.com/workers/AKH3FBPEXXT51","1","1","100.00%","1","1","100.00%","0","0","0.00%","","","","","","","","","","","","","","","","","","","","","","","","","","","","","","","","","","","","","","","","","","","","","","","","","","","","","Unblocked","",""
"AKIKWHBBCL3P3","https://requester.mturk.com/workers/AKIKWHBBCL3P3","0","0","0.00%","0","0","0.00%","0","0","0.00%","","","","","","","","","","","","","","","","","","","","","","","","","","","","","","","","","","","","","","","","","","","","","","","","","","","","","Never Blocked","",""
"ALJU932AER3OI","https://requester.mturk.com/workers/ALJU932AER3OI","1","1","100.00%","1","1","100.00%","0","0","0.00%","","","","","","","","","","","","","","","","","","","","","","","","","","","","","","","","","","","","","","","","","","","","","","","","","","","","","Unblocked","",""
"AMEO4HBYM9LDY","https://requester.mturk.com/workers/AMEO4HBYM9LDY","1","1","100.00%","1","1","100.00%","0","0","0.00%","","","","","","","","","","","","","","","","","","","","","","","","","","","","","","","","","","","","","","","","","","","","","","","","","","","","","Unblocked","",""
"AMI31VBU7ZX6Q","https://requester.mturk.com/workers/AMI31VBU7ZX6Q","1","1","100.00%","1","1","100.00%","0","0","0.00%","","","","","","","","","","","","","","","","","","","","","","","","","","","","","","","","","","","","","","","","","","","","","","","","","","","","","Unblocked","",""
"AN2QB5RWEXV41","https://requester.mturk.com/workers/AN2QB5RWEXV41","0","0","0.00%","0","0","0.00%","0","0","0.00%","","","","","","","","","","","","","","","","","","","","","","","","","","","","","","","","","","","","","","","","","","","","","","","","","","","","","Never Blocked","",""
"AN738HXJ1TH8N","https://requester.mturk.com/workers/AN738HXJ1TH8N","1","1","100.00%","1","1","100.00%","0","0","0.00%","","","","","","","","","","","","","","","","","","","","","","","","","","","","","","","","","","","","","","","","","","","","","","","","","","","","","Unblocked","",""
"ANUG05IDFTWF","https://requester.mturk.com/workers/ANUG05IDFTWF","0","0","0.00%","0","0","0.00%","0","0","0.00%","","","","","","","","","","","","","","","","","","","","","","","","","","","","","","","","","","","","","","","","","","","","","","","","","","","","","Never Blocked","",""
"AOBO2UBJ4M7ET","https://requester.mturk.com/workers/AOBO2UBJ4M7ET","1","1","100.00%","1","1","100.00%","0","0","0.00%","","","","","","","","","","","","","","","","","","","","","","","","","","","","","","","","","","","","","","","","","","","","","","","","","","","","","Unblocked","",""
"AOG0PUCLMU0HH","https://requester.mturk.com/workers/AOG0PUCLMU0HH","1","1","100.00%","1","1","100.00%","1","1","100.00%","","","","","","","","","","","","","","","","","","","","","","","","","","","","","","","","","","","","","","","","","","","","","","","","","","","","","Never Blocked","",""
"AOK5QT1QFHEOK","https://requester.mturk.com/workers/AOK5QT1QFHEOK","1","1","100.00%","1","1","100.00%","0","0","0.00%","","","","","","","","","","","","","","","","","","","","","","","","","","","","","","","","","","","","","","","","","","","","","","","","","","","","","Unblocked","",""
"AOYQ6FLVQO6JJ","https://requester.mturk.com/workers/AOYQ6FLVQO6JJ","1","1","100.00%","1","1","100.00%","0","0","0.00%","","","","","","","","","","","","","","","","","","","","","","","","","","","","","","","","","","","","","","","","","","","","","","","","","","","","","Unblocked","",""
"APF1EAZT104LQ","https://requester.mturk.com/workers/APF1EAZT104LQ","1","1","100.00%","1","1","100.00%","0","0","0.00%","","","","","","","","","","","","","","","","","","","","","","","","","","","","","","","","","","","","","","","","","","","","","","","","","","","","","Unblocked","",""
"APKO12PP5J5LW","https://requester.mturk.com/workers/APKO12PP5J5LW","1","1","100.00%","1","1","100.00%","0","0","0.00%","","","","","","","","","","","","","","","","","","","","","","","","","","","","","","","","","","","","","","","","","","","","","","","","","","","","","Unblocked","",""
"AQ4PB1PVI9U7V","https://requester.mturk.com/workers/AQ4PB1PVI9U7V","1","1","100.00%","1","1","100.00%","0","0","0.00%","1","","","","","","","","","","","","","","","","","","","","","","","","","","","","","","","","","","","","","","","","","","","","","","","","","","","","Never Blocked","",""
"AQ8J14431IR7Z","https://requester.mturk.com/workers/AQ8J14431IR7Z","1","1","100.00%","1","1","100.00%","0","0","0.00%","","","","","","","","","","","","","","","","","","","","","","","","","","","","","","","","","","","","","","","","","","","","","","","","","","","","","Unblocked","",""
"AQFFLBXV8P2TC","https://requester.mturk.com/workers/AQFFLBXV8P2TC","1","1","100.00%","1","1","100.00%","0","0","0.00%","","","","","","","","","","","","","","","","","","","","","","","","","","","","","","","","","","","","","","","","","","","","","","","","","","","","","Unblocked","",""
"AQG99KX4B74P4","https://requester.mturk.com/workers/AQG99KX4B74P4","0","0","0.00%","0","0","0.00%","0","0","0.00%","","","","","","","","","","","","","","","","","","","","","","","","","","","","","","","","","","","","","","","","","","","","","","","","","","","","","Never Blocked","",""
"AQVUQXQ9YCNBJ","https://requester.mturk.com/workers/AQVUQXQ9YCNBJ","1","1","100.00%","1","1","100.00%","1","1","100.00%","","","","","","","","","","","","","","","","","","","","","","","","","","","","","","","","","","","","","","","","","","","","","","","","","","","","","Never Blocked","",""
"ARCNJKJ3GV2EG","https://requester.mturk.com/workers/ARCNJKJ3GV2EG","0","0","0.00%","0","0","0.00%","0","0","0.00%","","","","","","","","","","","","","","","","","","","","","","","","","","","","","","","","","","","","","","","","","","","","","","","","","","","","","Never Blocked","",""
"AREN4CBY7BHUF","https://requester.mturk.com/workers/AREN4CBY7BHUF","1","1","100.00%","1","1","100.00%","0","0","0.00%","","","","","","","","","","","","","","","","","","","","","","","","","","","","","","","","","","","","","","","","","","","","","","","","","","","","","Unblocked","",""
"ARGR4AJESGHHP","https://requester.mturk.com/workers/ARGR4AJESGHHP","0","0","0.00%","0","0","0.00%","0","0","0.00%","","","","","","","","","","","","","","","","","","","","","","","","","","","","","","","","","","","","","","","","","","","","","","","","","","","","","Never Blocked","",""
"ASC0F4W1UMR3R","https://requester.mturk.com/workers/ASC0F4W1UMR3R","1","1","100.00%","1","1","100.00%","0","0","0.00%","","","","","","","","","","","","","","","","","","","","","","","","","","","","","","","","","","","","","","","","","","","","","","","","","","","","","Unblocked","",""
"ASFBR18FCV8Z1","https://requester.mturk.com/workers/ASFBR18FCV8Z1","0","0","0.00%","0","0","0.00%","0","0","0.00%","","","","","","","","","","","","","","","","","","","","","","","","","","","","","","","","","","","","","","","","","","","","","","","","","","","","","Never Blocked","",""
"AUFIJSWMX9MZI","https://requester.mturk.com/workers/AUFIJSWMX9MZI","1","1","100.00%","1","1","100.00%","0","0","0.00%","","","","","","","","","","","","","","","","","","","","","","","","","","","","","","","","","","","","","","","","","","","","","","","","","","","","","Unblocked","",""
"AURO9GRVYMSD7","https://requester.mturk.com/workers/AURO9GRVYMSD7","0","0","0.00%","0","0","0.00%","0","0","0.00%","","","","","","","","","","","","","","","","","","","","","","","","","","","","","","","","","","","","","","","","","","","","","","","","","","","","","Never Blocked","",""
"AV182SXSO370E","https://requester.mturk.com/workers/AV182SXSO370E","0","0","0.00%","0","0","0.00%","0","0","0.00%","","","","","","","","","","","","","","","","","","","","","","","","","","","","","","","","","","","","","","","","","","","","","","","","","","","","","Never Blocked","",""
"AVJB18UOK0AWT","https://requester.mturk.com/workers/AVJB18UOK0AWT","1","1","100.00%","1","1","100.00%","0","0","0.00%","","","","","","","","","","","","","","","","","","","","","","","","","","","","","","","","","","","","","","","","","","","","","","","","","","","","","Unblocked","",""
"AVLZVLVL2X60","https://requester.mturk.com/workers/AVLZVLVL2X60","1","1","100.00%","1","1","100.00%","0","0","0.00%","","","","","","","","","","","","","","","","","","","","","","","","","","","","","","","","","","","","","","","","","","","","","","","","","","","","","Unblocked","",""
"AVP46QHD3WOT3","https://requester.mturk.com/workers/AVP46QHD3WOT3","0","0","0.00%","0","0","0.00%","0","0","0.00%","","","","","","","","","","","","","","","","","","","","","","","","","","","","","","","","","","","","","","","","","","","","","","","","","","","","","Never Blocked","",""
"AWITQJV4D1QA4","https://requester.mturk.com/workers/AWITQJV4D1QA4","0","0","0.00%","0","0","0.00%","0","0","0.00%","","","","","","","","","","","","","","","","","","","","","","","","","","","","","","","","","","","","","","","","","","","","","","","","","","","","","Never Blocked","",""
"AWIVX59AEP746","https://requester.mturk.com/workers/AWIVX59AEP746","1","1","100.00%","1","1","100.00%","0","0","0.00%","","","","","","","","","","","","","","","","","","","","","","","","","","","","","","","","","","","","","","","","","","","","","","","","","","","","","Unblocked","",""
"AWMM4X1QC8IMO","https://requester.mturk.com/workers/AWMM4X1QC8IMO","1","1","100.00%","1","1","100.00%","1","1","100.00%","","","","","","","","","","","","","","","","","","","","","","","","","","","","","","","","","","","","","","","","","","","","","","","","","","","","","Never Blocked","",""
"AWP3NEK6KILGW","https://requester.mturk.com/workers/AWP3NEK6KILGW","1","1","100.00%","1","1","100.00%","0","0","0.00%","","","","","","","","","","","","","","","","","","","","","","","","","","","","","","","","","","","","","","","","","","","","","","","","","","","","","Unblocked","",""
"AX4U4ZJJQKKMS","https://requester.mturk.com/workers/AX4U4ZJJQKKMS","1","1","100.00%","1","1","100.00%","0","0","0.00%","","","","","","","","","","","","","","","","","","","","","","","","","","","","","","","","","","","","","","","","","","","","","","","","","","","","","Unblocked","",""
"AXAXLC0TXQ0QW","https://requester.mturk.com/workers/AXAXLC0TXQ0QW","1","1","100.00%","1","1","100.00%","0","0","0.00%","","","","","","","","","","","","","","","","","","","","","","","","","","","","","","","","","","","","","","","","","","","","","","","","","","","","","Unblocked","",""
"AZE7YSINS9UNZ","https://requester.mturk.com/workers/AZE7YSINS9UNZ","1","1","100.00%","1","1","100.00%","1","1","100.00%","","","","","","","","","","","","","","","","","","","","","","","","","","","","","","","","","","","","","","","","","","","","","","","","","","","","","Never Blocked","",""
"AZGOCZR5GZH09","https://requester.mturk.com/workers/AZGOCZR5GZH09","0","0","0.00%","0","0","0.00%","0","0","0.00%","","","","","","","","","","","","","","","","","","","","","","","","","","","","","","","","","","","","","","","","","","","","","","","","","","","","","Never Blocked","",""
"AZPJUBGJZ3BT4","https://requester.mturk.com/workers/AZPJUBGJZ3BT4","1","1","100.00%","1","1","100.00%","0","0","0.00%","","","","","","","","","","","","","","","","","","","","","","","","","","","","","","","","","","","","","","","","","","","","","","","","","","","","","Unblocked","",""